Year,Selling_Price,Km_Driven,Fuel,Seller_Type,Transmission,Owner,Brand,Model
2012,600000,100000,1,1,1,0,9,1032
2017,250000,46000,3,1,1,0,4,781
2016,550000,25000,3,1,1,0,9,1140
2014,240000,60000,3,1,1,2,22,568
2015,850000,25000,3,1,1,0,9,278
2017,365000,78000,0,1,1,0,17,179
2015,260000,35000,3,1,1,0,3,817
2014,250000,100000,3,1,1,0,22,568
2018,1650000,25000,3,0,0,0,23,255
2015,585000,24000,3,0,1,0,17,205
2019,1195000,5000,1,0,1,0,9,1017
2013,390000,33000,1,1,1,2,3,372
2014,1964999,28000,1,0,0,0,11,1108
2013,1425000,59000,1,0,0,0,18,700
2018,975000,4500,1,0,0,0,17,1064
2018,930000,14500,3,0,1,0,8,223
2018,525000,15000,3,1,1,0,22,990
2013,1735000,50000,1,0,0,0,1,26
2012,1375000,33800,1,0,0,2,18,701
2016,900000,50000,3,1,0,0,23,259
2015,1300000,80000,1,1,1,0,23,576
2019,1400000,10000,3,1,1,0,12,250
2014,229999,60000,3,1,1,1,9,1182
2013,1550000,75800,1,0,0,2,2,2
2009,1250000,78000,1,0,0,4,1,759
2012,625000,40000,1,1,1,0,9,350
2014,1050000,50000,1,1,1,0,16,841
2014,560000,74000,1,1,1,2,8,229
2014,290000,64000,3,1,1,2,17,1092
2012,275000,60000,3,1,1,2,17,1091
2009,150000,79000,3,1,1,4,9,835
2019,500000,15000,3,1,1,0,9,492
2017,725000,18500,1,0,1,0,17,908
2018,401000,10200,3,0,1,0,17,344
2018,750000,29000,1,0,1,0,9,1230
2018,310000,28000,3,0,1,0,17,723
2016,665000,46000,1,0,1,0,17,943
2014,465000,70000,1,0,1,0,9,1207
2012,160000,60000,3,1,1,2,17,62
2014,675000,90000,1,0,1,0,8,230
2013,300000,80000,3,0,1,0,17,1091
2014,240000,73300,3,0,1,2,9,311
2014,525000,92000,1,0,1,0,23,395
2009,151000,66764,3,0,1,2,17,62
2009,140000,100000,3,1,1,0,17,62
2017,570000,60000,1,1,1,0,16,843
2018,300000,31000,3,1,1,0,9,311
2017,925000,35000,1,1,1,0,7,315
2018,750000,60000,1,1,1,0,17,192
2010,248000,63000,3,1,1,2,9,1188
2014,650000,76000,3,1,1,2,19,961
2015,450000,80000,1,1,1,0,9,507
2019,650000,25000,1,1,1,0,9,356
2016,495000,11958,3,0,1,0,8,80
2015,371000,20000,3,0,1,0,8,166
2017,1025000,9000,3,0,1,0,9,276
2017,8150000,6500,1,0,0,0,18,795
2015,750000,70000,1,1,1,0,16,1131
2013,325000,62200,1,0,1,0,16,140
2014,1470000,34000,1,0,0,2,1,27
2015,350000,53000,1,1,1,2,5,108
2013,2800000,49000,1,0,0,0,1,30
2017,210000,15000,3,0,1,2,4,776
2013,450000,50000,3,1,1,0,24,610
2013,1150000,53000,1,0,0,0,1,19
2009,210000,63500,3,0,0,0,8,246
2018,4500000,9800,3,0,0,0,18,299
2017,2750000,13000,1,1,0,0,2,1102
2018,1975000,21000,1,0,0,0,25,995
2008,175000,29173,3,0,1,0,17,811
2012,2500000,48000,1,0,0,0,2,7
2010,600000,100000,1,1,1,0,9,868
2017,399000,30000,3,1,1,0,19,674
2018,750000,87000,1,1,1,0,16,1149
2019,750000,15000,3,1,1,0,9,363
2017,315000,16000,3,1,1,0,20,637
2012,600000,60000,1,1,1,0,16,1152
2010,100000,60000,3,1,1,1,17,1085
2011,250000,110000,3,1,1,4,17,810
2017,350000,25000,3,1,1,0,20,637
2016,780000,60000,1,1,1,0,9,263
2014,434000,79350,1,1,1,2,17,907
2016,690000,80000,3,1,0,0,9,1038
2014,555000,90000,1,1,1,2,16,848
2013,165000,60000,1,1,1,2,3,130
2018,550000,20000,3,1,1,0,17,120
2012,100000,50000,3,1,1,2,22,693
2012,500000,100000,1,1,1,0,23,579
2016,800000,70000,1,1,1,2,17,377
2016,840000,70000,1,1,1,2,9,268
2016,490000,50000,3,1,1,0,8,81
2010,125000,81000,1,1,1,2,22,541
2015,1000000,3600,1,0,1,0,3,281
2015,530000,14272,3,0,1,0,7,436
2017,840000,49213,1,0,1,0,7,316
2015,229999,40000,3,1,1,0,9,1187
2012,130000,80000,3,1,1,0,3,871
2015,200000,70000,3,1,1,0,9,305
2011,120000,70000,1,1,1,0,22,542
2013,280000,3240,3,1,1,2,9,305
2015,540000,5000,3,1,1,0,9,1224
2018,700000,10000,3,1,1,0,9,1190
2015,525000,100000,1,1,1,0,17,202
2016,430000,80000,1,1,1,0,9,1219
2018,800000,35000,1,1,1,0,17,1060
2008,210000,53772,3,1,1,0,9,485
2012,170000,60000,3,1,1,0,9,311
2016,225000,25000,3,1,1,0,20,637
2014,210000,90000,2,1,1,0,17,1074
2011,99000,100000,3,1,1,4,3,871
2014,620000,36000,3,1,1,0,8,234
2013,500000,30000,1,1,1,0,8,89
2010,2550000,40000,3,1,0,2,11,1111
2013,260000,70000,3,1,1,2,8,164
2017,550000,60000,3,1,1,0,17,932
2011,350000,50000,3,1,0,2,9,1175
2016,320000,40000,3,1,1,0,3,136
2015,400000,100000,1,1,1,4,17,928
2012,175000,80000,3,1,1,4,17,62
2011,120000,90000,3,1,1,2,3,136
2013,320000,90000,1,1,1,2,20,285
2019,810000,15000,3,1,1,0,17,917
2020,282000,40000,0,1,1,0,17,53
2013,72000,25000,3,1,1,0,22,690
2016,600000,25000,3,1,1,0,9,1224
2015,640000,23000,3,1,1,0,21,772
2018,380000,22155,3,1,1,0,17,55
2018,650000,70000,3,1,1,0,17,195
2009,150000,60000,3,1,1,2,17,60
2009,280000,110000,3,1,1,2,9,1215
2018,430000,30000,3,1,1,0,22,710
2019,800000,15000,1,1,1,0,16,151
2016,650000,70000,1,1,0,0,24,1006
2017,390000,24000,3,1,1,0,17,346
2013,1500000,35000,1,1,0,0,18,700
2012,434999,110000,1,1,1,2,20,285
2010,170000,90000,1,1,1,4,7,447
2011,190000,90000,1,1,1,4,7,447
2017,600000,80362,1,1,1,0,17,928
2012,280000,110000,3,1,1,4,9,1196
2012,150000,60000,1,1,1,0,3,132
2015,650000,50000,1,1,0,0,3,282
2014,210000,40000,3,1,1,2,19,678
2017,2900000,40000,1,1,0,0,2,4
2013,425000,20000,1,0,1,0,3,369
2014,265000,55000,3,0,1,0,9,306
2018,890000,1136,3,0,1,0,5,653
2013,365000,55000,3,0,1,0,20,840
2014,350000,43000,3,0,1,0,7,451
2016,685000,60000,1,1,1,0,17,209
2018,940000,2650,1,0,1,0,21,768
2017,1000000,40000,1,1,1,0,16,1127
2019,1150000,15000,3,0,1,0,16,1112
2016,450000,115962,1,1,1,2,17,378
2015,590000,65000,1,0,1,0,19,960
2017,800000,40000,1,1,1,0,17,798
2012,385000,58000,1,0,1,0,9,1226
2013,2000000,15000,1,1,0,0,18,702
2012,235000,54000,3,0,1,0,9,305
2017,640000,56000,1,0,1,0,24,93
2009,80000,90000,2,1,1,2,17,721
2012,140000,70000,3,1,1,2,17,60
2008,120000,90000,3,1,1,2,9,1057
2017,1500000,20000,1,1,1,0,16,851
2017,700000,10000,3,1,1,0,9,1209
2012,285000,80000,1,1,1,2,17,802
2015,390000,90000,3,1,1,0,9,508
2008,125000,80000,3,1,1,0,17,63
2008,225000,60000,3,1,1,2,17,812
2012,220000,100000,1,1,1,2,3,131
2010,180000,87000,1,0,1,2,21,412
2013,170000,70000,3,1,1,0,17,13
2015,300000,50000,3,1,1,2,7,451
2014,1050000,70000,1,1,1,0,23,585
2018,465000,25000,1,1,1,0,9,489
2011,130000,80000,1,1,1,2,3,132
2018,434999,10000,3,1,1,0,4,481
2018,500000,32000,3,1,1,0,9,492
2018,200000,10000,3,1,1,0,17,722
2017,625000,52000,3,0,1,0,17,117
2019,800000,11240,3,1,1,0,9,353
2017,490000,66000,1,0,1,0,9,506
2017,880000,64000,1,0,1,0,17,378
2013,290000,49000,3,1,1,0,9,833
2018,360000,26500,3,1,1,0,20,637
2017,685000,72000,1,0,1,0,17,1059
2009,300000,50000,3,1,1,0,8,604
2017,680000,44000,1,0,1,0,9,1205
2017,1000000,60000,1,1,1,2,17,379
2017,450000,70000,1,1,1,0,17,943
2014,600000,20000,3,1,1,0,17,382
2009,180000,60000,1,1,1,2,9,1203
2010,120000,90000,3,1,1,2,17,62
2019,860000,35000,1,1,1,0,16,151
2018,650000,20000,3,1,1,2,9,1197
2010,100000,80000,3,1,1,2,17,1085
2017,282000,20000,3,1,1,0,17,48
2009,300000,50000,3,1,1,0,9,1216
2010,270000,110000,3,1,1,2,9,1215
2013,550000,29000,1,1,1,0,9,1033
2011,430000,70000,1,1,1,2,16,155
2013,350000,40000,3,1,1,0,17,383
2017,350000,20000,3,1,1,0,8,160
2013,229999,50000,3,1,1,2,23,401
2013,110000,50000,3,1,1,0,17,42
2012,395000,49000,3,1,1,2,17,896
2011,650000,70000,1,1,0,2,16,862
2011,350000,90000,1,1,1,2,16,154
2020,1400000,25000,1,0,1,0,16,1124
2018,360000,4000,3,1,1,0,22,982
2018,1300000,10000,1,1,1,0,16,672
2015,800000,15000,1,1,1,0,20,284
2018,229999,30000,3,1,1,0,9,311
2014,315000,41000,3,0,1,0,17,1088
2012,125000,28000,3,1,1,0,3,872
2019,700000,16000,3,1,1,0,17,116
2015,160000,70000,3,1,1,0,9,301
2017,530000,10832,3,0,1,0,7,437
2018,624000,14681,1,0,1,0,7,442
2009,250000,50000,3,1,1,0,9,1176
2016,585000,51000,1,0,1,0,16,154
2015,500000,25000,3,1,1,0,9,1027
2014,350000,30000,3,1,1,0,3,818
2014,495000,80000,1,0,1,0,8,237
2017,500000,50000,3,1,1,0,9,492
2013,345000,44000,3,0,1,0,9,499
2015,500000,10000,3,1,1,0,17,125
2019,425000,19600,3,1,1,0,22,982
2011,106000,50000,1,1,1,0,3,131
2009,180000,46730,3,1,1,0,17,16
2015,250000,40000,3,1,1,2,4,473
2011,350000,80000,1,1,1,0,21,1159
2018,900000,24000,1,1,1,0,9,1046
2017,700000,21170,1,0,1,0,7,99
2017,1000000,40000,1,1,1,0,17,379
2011,1375000,60000,1,1,0,0,2,1101
2019,800000,30000,1,1,1,0,17,118
2017,700000,88635,1,0,1,0,7,439
2018,800000,25000,1,1,1,0,17,907
2017,575000,20000,3,1,1,2,9,1197
2012,350000,110000,1,1,1,2,20,285
2018,900000,25000,1,1,1,0,9,1046
2014,300000,35000,3,1,1,2,17,1091
2015,490000,60000,1,1,1,2,17,907
2012,300000,50000,1,1,1,2,23,402
2013,55000,25000,3,1,1,1,22,694
2016,350000,25000,3,1,1,0,9,513
2019,755000,8000,1,1,1,0,9,489
2017,720000,60000,1,1,1,0,17,377
2018,1100000,20000,1,1,1,0,16,856
2013,400000,100000,3,1,1,0,24,741
2015,350000,70000,1,1,1,2,9,1133
2012,159000,68000,1,0,1,0,3,134
2017,550000,38000,3,0,1,0,17,948
2013,335000,80000,1,0,1,0,17,788
2014,185000,72000,0,0,1,0,22,558
2012,229999,75000,0,0,1,0,17,343
2014,225000,43000,3,0,1,0,17,390
2015,400000,100000,1,1,1,0,22,1171
2018,300000,25000,3,1,0,0,17,57
2011,145000,25000,3,1,1,0,17,60
2014,500000,70000,1,1,1,2,16,860
2010,130000,98000,0,1,1,2,9,837
2010,240000,81925,1,1,1,0,3,281
2013,150000,80000,1,1,1,2,7,444
2017,270000,40000,3,1,1,0,20,639
2014,400000,90000,1,1,1,0,17,907
2012,200000,46000,3,1,1,0,9,305
2012,550000,80000,1,1,1,0,16,1127
2018,325000,35000,3,1,1,0,20,629
2017,860000,82080,1,1,0,0,21,766
2009,125000,70000,3,1,1,0,3,870
2013,400000,110000,1,1,1,0,17,380
2011,260000,97000,1,1,1,2,22,662
2017,400000,30000,3,1,1,0,17,931
2010,250000,40000,3,1,1,0,9,1232
2019,600000,10000,3,1,1,0,9,492
2010,175000,52047,3,1,1,0,17,1168
2019,350000,15000,3,1,0,2,22,983
2018,800000,50000,1,1,1,0,17,1062
2011,250000,70000,3,1,1,2,17,934
2019,600000,10000,3,1,1,0,17,935
2017,600000,90000,1,1,1,0,17,928
2016,130000,40000,3,1,1,0,17,42
2017,595000,33100,3,1,1,2,9,1208
2014,190000,40000,3,1,1,2,9,305
2016,1000000,70000,1,1,1,0,22,815
2010,400000,50000,1,1,1,0,16,154
2015,315000,45000,3,1,1,2,4,474
2014,1000000,110000,1,1,1,0,23,463
2014,500000,49000,1,1,1,0,7,331
2018,1600000,35000,1,1,0,0,16,1122
2008,400000,110000,1,1,1,4,7,365
2016,300000,30000,3,1,1,0,17,48
2017,409999,40000,1,1,1,0,16,616
2009,250000,70000,3,1,1,0,17,918
2012,215000,80000,1,1,1,4,17,907
2018,475000,20000,3,1,1,0,8,163
2018,475000,22000,3,1,1,0,8,163
2008,75000,35000,3,1,1,2,3,871
2019,575000,8000,3,1,1,0,22,986
2011,150000,40000,1,1,1,2,17,788
2018,850000,10000,1,1,1,0,17,1063
2019,350000,30000,3,1,1,0,9,826
2011,550000,54000,1,1,1,2,7,365
2017,330000,80577,3,1,1,0,9,1027
2017,1044999,25000,1,1,1,0,8,238
2015,235000,40903,3,0,1,0,9,303
2011,120000,60000,3,1,1,4,7,451
2015,500000,30000,1,1,1,2,24,733
2015,400000,61690,3,0,1,0,9,513
2015,600000,64484,3,0,1,0,9,1218
2012,1350000,90000,1,1,0,2,1,755
2013,400000,75976,1,0,1,2,20,288
2011,220000,70000,1,1,1,2,7,447
2012,300000,85962,3,0,1,2,8,164
2012,285000,75000,3,1,0,2,8,167
2009,350000,57035,3,0,1,0,8,38
2011,170000,70000,1,1,1,4,16,154
2015,229999,45000,3,1,1,0,7,427
2013,500000,72104,1,0,1,2,16,1127
2011,75000,15000,3,1,1,0,22,691
2016,600000,30000,3,1,1,0,9,1209
2011,220000,80000,1,1,1,0,22,571
2014,240000,90000,1,1,1,0,17,907
2017,390000,30000,3,1,1,0,20,629
2012,180000,50000,3,1,1,0,3,135
2012,320000,80000,1,1,1,2,17,927
2018,310000,5000,3,1,1,0,17,42
2018,420000,24000,3,1,0,0,17,1070
2019,550000,10000,3,1,1,0,22,986
2016,550000,78000,1,1,1,4,17,377
2018,760000,50000,1,1,1,0,16,953
2018,250000,20000,3,1,1,0,17,722
2019,500000,1250,3,1,1,0,9,828
2015,380000,17152,3,1,1,0,22,1172
2019,1850000,5000,1,1,0,0,16,1123
2012,350000,77000,1,1,1,0,24,738
2008,195000,90000,1,1,1,2,9,1043
2011,225000,80000,3,1,1,2,3,135
2015,1125000,65000,1,1,1,0,23,576
2011,133000,80000,1,1,1,0,22,549
2013,200000,24005,3,1,1,0,9,305
2018,940000,20000,1,1,1,0,17,1063
2015,625000,80000,1,1,1,0,17,914
2012,490000,100000,1,1,1,0,20,285
2009,275000,100000,1,1,1,2,17,925
2011,300000,65000,1,1,1,2,24,1008
2018,270000,19000,3,1,1,2,4,480
2010,130000,80000,3,1,1,2,3,136
2015,275000,30000,3,1,1,0,17,58
2012,352000,109000,1,1,1,0,17,927
2012,180000,90000,2,1,1,0,9,308
2012,150000,90000,3,1,1,0,17,60
2010,300000,110000,1,1,1,2,17,939
2014,600000,44000,1,1,1,0,8,683
2015,500000,80000,3,1,1,0,17,375
2018,900000,5000,3,1,1,0,8,112
2016,600000,61000,3,1,1,0,9,1224
2011,450000,100000,1,1,1,2,23,406
2009,270000,27633,3,1,1,0,9,1177
2010,310000,100000,1,1,1,4,17,939
2012,250000,100000,2,1,1,0,9,836
2019,700000,12586,3,0,1,0,7,428
2018,650000,38083,1,0,1,0,5,109
2012,400000,55328,1,0,1,0,7,448
2012,425000,81632,1,0,1,0,7,447
2013,600000,93283,1,0,1,0,7,321
2012,450000,90165,1,0,1,0,7,421
2014,750000,101504,1,0,1,0,7,331
2010,325000,86017,1,0,1,2,7,454
2013,900000,85036,1,0,1,2,16,1131
2019,900000,60000,1,1,1,0,8,1067
2013,280000,90000,1,1,1,4,17,784
2014,520000,82000,1,1,1,0,8,227
2016,509999,60000,1,1,1,0,16,842
2019,556000,24000,3,1,1,0,17,117
2013,325000,65000,1,0,1,0,8,73
2013,365000,65000,1,0,1,0,17,927
2015,850000,84000,1,0,1,0,9,270
2013,350000,75000,1,0,1,0,23,396
2011,135000,50000,3,1,1,0,17,60
2015,275000,14365,3,0,1,0,20,637
2017,2750000,41000,1,1,0,0,23,459
2013,484999,65000,1,0,1,0,9,1032
2015,565000,65000,1,0,1,0,17,201
2013,425000,61083,1,0,1,0,17,907
2013,925000,75000,1,1,1,0,23,585
2012,565000,72000,1,0,1,0,16,865
2014,525000,65000,1,0,1,0,20,284
2017,1650000,55000,1,0,1,0,9,994
2015,295000,21000,3,0,1,2,9,305
2012,2050000,66363,3,0,0,2,11,1110
2018,1475000,11700,3,0,0,0,9,277
2017,1100000,10000,3,1,0,0,9,1055
2014,4400000,100000,1,1,0,2,18,471
2016,670000,7104,3,2,1,0,17,946
2015,750000,45974,1,2,1,0,17,800
2015,760000,55340,3,2,1,0,9,1040
2017,850000,20000,3,0,0,2,24,740
2015,390000,61585,1,2,1,0,20,744
2016,450000,39415,3,2,0,2,17,183
2014,425000,29654,3,2,1,0,8,168
2016,770000,64672,1,2,1,0,17,118
2015,1150000,54634,1,2,0,2,9,275
2015,775000,66521,3,2,1,0,8,235
2018,1725000,23974,1,0,0,2,23,590
2016,2150000,43000,1,0,0,0,2,0
2013,450000,1000,1,0,1,2,20,289
2018,3800000,10000,1,0,0,0,18,170
2013,1580000,86000,1,0,0,0,1,20
2019,4950000,30000,1,0,0,0,2,1105
2016,535000,52600,1,1,1,0,9,268
2012,225000,110000,3,1,1,2,17,807
2017,550000,19890,3,0,0,0,9,494
2015,625000,11918,3,2,1,0,17,382
2017,520000,10510,3,0,0,0,9,509
2016,239000,41000,3,0,1,0,3,138
2017,2600000,47162,1,2,0,0,23,461
2012,229999,49824,3,0,1,0,9,1179
2013,1300000,58500,1,0,0,0,1,27
2012,385000,52000,1,0,1,0,21,645
2017,600000,46507,1,2,1,0,17,907
2013,350000,50000,3,1,1,2,9,1229
2014,114999,30000,3,1,1,0,17,42
2013,380000,50000,3,1,1,2,9,1229
2016,900000,35000,1,1,1,0,16,843
2012,200999,90000,3,1,1,2,3,136
2014,229999,11451,3,1,1,0,17,720
2019,800000,60000,1,1,1,0,22,714
2018,600000,60000,1,1,1,0,17,927
2009,150000,66000,1,1,1,0,3,725
2019,380000,5000,3,1,1,0,17,345
2012,75000,29900,3,1,1,0,22,693
2017,1600000,3000,1,1,1,0,22,526
2012,185000,85000,1,1,1,0,22,550
2011,425000,50000,1,1,1,0,16,844
2008,140000,90000,3,1,1,4,17,1165
2017,710000,8000,3,1,0,0,17,900
2015,450000,7900,3,1,0,0,8,74
2017,210000,50000,3,1,1,0,4,781
2016,270000,25000,3,1,1,0,17,55
2009,110000,20000,3,1,1,0,17,62
2018,540000,17500,3,1,1,0,17,933
2008,145000,25000,3,1,1,0,16,782
2013,250000,88600,2,1,1,0,9,1185
2012,110000,80000,1,1,1,0,22,1016
2008,250000,100000,1,1,1,1,3,176
2010,140000,60000,3,1,1,0,3,105
2019,925000,11000,3,1,1,0,17,212
2017,969999,30000,1,1,1,0,22,524
2019,900000,15000,1,1,1,0,16,971
2011,135000,90000,3,1,1,0,17,50
2013,495000,100000,1,1,1,2,9,1032
2008,250000,110000,1,1,1,2,9,1043
2011,311000,70000,3,1,0,2,8,215
2015,190000,70000,3,1,1,0,17,48
2009,300000,15000,3,1,1,0,17,785
2018,600000,20000,3,1,1,0,8,608
2009,550000,100000,1,1,1,0,16,859
2015,600000,70000,3,1,0,0,21,770
2018,195000,5000,3,1,1,0,17,48
2013,58000,27974,3,1,1,0,22,689
2018,183000,40000,3,1,1,0,17,48
2013,250000,38000,3,1,1,0,17,1078
2014,400000,35000,3,1,1,0,22,1172
2012,409999,60000,1,1,1,2,9,1033
2018,600000,18000,3,1,0,0,17,893
2016,600000,10000,3,1,1,0,8,82
2015,825000,90000,1,1,1,4,16,1127
2016,625000,80000,1,1,1,2,23,395
2020,700000,1400,1,1,1,0,9,511
2011,160000,60000,3,1,1,0,3,135
2011,114999,60000,3,1,1,4,17,60
2009,150000,53000,3,1,1,0,17,1085
2010,250000,100000,1,0,1,0,24,612
2012,390000,86000,1,0,1,2,9,1032
2015,650000,100000,1,1,1,0,20,289
2016,600000,30000,1,1,1,0,9,1135
2011,229999,60000,2,1,1,2,9,834
2016,299000,50000,1,1,1,2,17,784
2012,180000,100000,3,1,1,4,9,32
2017,475000,42000,3,1,1,0,9,492
2015,325000,100000,1,1,1,0,9,507
2016,639000,28205,3,0,1,0,8,235
2017,415000,32670,3,0,0,0,17,184
2016,1199000,30093,1,0,0,0,9,267
2013,525000,56228,0,0,1,0,17,384
2013,425000,59319,3,0,1,0,9,1034
2016,699000,39503,1,0,1,0,17,1060
2013,325000,35299,3,0,1,0,9,498
2011,275000,51687,3,0,1,0,23,405
2011,269000,76259,3,0,0,0,24,1015
2013,399000,44049,1,0,1,0,24,737
2017,475000,45087,1,0,1,0,16,622
2011,249000,41125,3,0,1,0,23,405
2014,1549000,42215,1,0,0,0,1,24
2011,254999,54206,3,0,1,0,24,742
2012,269000,52547,3,0,1,0,21,771
2014,665000,59110,1,0,1,0,17,386
2014,299000,54565,3,0,1,0,17,1086
2010,265000,47564,3,0,1,2,9,1215
2010,211000,45143,3,0,1,2,24,742
2013,599000,61624,3,0,0,2,21,885
2014,550000,50000,1,1,1,0,9,1033
2018,4000000,68000,1,1,0,0,14,793
2019,500000,20000,3,1,1,0,17,933
2010,140000,30000,3,1,1,0,17,62
2013,325000,60000,1,1,1,0,17,927
2010,210000,90000,3,1,1,4,9,1223
2008,110000,90000,3,1,1,2,17,62
2019,1200000,25000,1,1,1,0,9,1048
2017,229999,40000,3,1,1,0,17,48
2018,525000,10980,3,0,0,0,22,988
2018,325000,20629,3,0,1,0,9,305
2018,1500000,50000,1,1,1,0,23,593
2015,400000,30000,3,1,0,0,9,500
2015,550000,69782,3,0,1,0,17,204
2013,900000,63654,1,0,1,0,16,1132
2017,700000,60000,1,1,1,0,20,655
2015,890000,52000,1,0,1,0,16,855
2015,490000,59385,1,0,1,0,17,920
2015,525000,70378,3,0,1,0,9,1206
2013,330000,55425,3,0,1,0,17,1080
2013,550000,78413,1,0,1,2,16,142
2018,790000,40890,1,0,1,0,16,151
2015,350000,34823,3,0,1,2,8,166
2017,1700000,75000,1,1,0,0,23,595
2017,750000,55545,1,0,1,0,17,199
2014,409999,56541,1,0,1,0,8,73
2016,220000,43700,3,1,1,0,9,311
2017,290000,20000,3,1,1,0,9,305
2014,600000,27483,1,0,1,0,8,231
2019,470000,8000,3,1,1,0,17,922
2008,150000,30000,3,1,1,0,9,1188
2014,180000,56207,3,0,1,2,17,42
2018,875000,1440,3,1,1,0,8,1069
2019,300000,50000,3,1,1,0,17,42
2017,2800000,20000,1,1,0,0,23,458
2017,1330000,91195,1,0,1,0,23,594
2011,220000,63657,1,0,1,0,24,734
2013,250000,60000,1,1,1,0,16,1023
2016,919999,75000,1,0,1,0,23,576
2013,380000,97248,3,0,1,0,24,1012
2012,450000,46000,1,1,1,0,17,927
2016,770000,10000,3,1,0,0,9,1038
2018,550000,80000,1,1,1,0,17,901
2011,320000,100000,1,1,1,2,22,705
2013,400000,35000,3,1,1,0,17,807
2017,450000,50000,3,1,0,0,17,184
2011,220000,90000,1,1,1,4,17,808
2013,530000,89000,3,1,1,2,9,1035
2014,390000,60000,1,1,1,2,17,907
2012,185000,100000,1,1,1,2,5,514
2012,300000,100000,3,1,1,2,17,807
2014,575000,90000,1,1,1,2,17,928
2014,300000,75000,3,1,1,0,17,1087
2017,425000,36000,1,0,1,0,23,400
2016,350000,12000,3,1,1,0,9,1141
2017,550000,12997,1,0,1,0,8,87
2017,500000,40000,3,1,0,0,17,193
2015,600000,60000,1,1,1,0,16,853
2013,300000,25000,1,1,1,2,16,762
2018,1150000,26430,1,0,1,0,9,1048
2015,475000,24600,3,0,1,0,17,891
2011,260000,28481,3,0,1,0,17,1079
2013,350000,100000,3,1,1,0,7,329
2013,750000,41988,1,0,1,0,16,1131
2009,180000,30375,3,0,1,0,17,1079
2017,350000,7658,3,0,0,0,20,632
2017,611000,34400,1,0,1,0,17,907
2017,325000,18500,3,0,1,0,20,636
2012,225000,48000,3,0,1,0,9,300
2014,300000,28942,3,0,0,0,17,1070
2017,400000,50000,1,1,1,2,16,151
2012,711000,53600,1,0,1,0,16,1131
2015,851000,53652,1,0,1,0,23,577
2014,500000,25000,3,1,1,0,17,382
2017,150000,50000,3,1,1,0,17,48
2016,610000,15000,1,1,1,2,16,841
2018,450000,5000,3,1,1,0,16,619
2017,744000,106000,1,1,1,0,9,1198
2008,120000,100000,3,1,1,4,3,870
2016,220000,60000,3,1,1,4,20,635
2017,370000,82000,3,1,0,0,17,191
2012,170000,97000,0,1,1,2,17,40
2015,350000,90000,3,1,1,2,9,513
2009,250000,60000,3,1,1,4,17,912
2013,170000,60000,1,1,1,0,22,557
2018,1300000,35000,1,1,1,0,16,851
2019,550000,25000,3,1,1,0,9,497
2017,400000,15000,3,1,1,0,8,161
2011,120000,20000,3,1,1,0,22,691
2010,275000,70000,3,1,1,0,7,451
2016,285000,90000,3,1,1,0,22,1173
2016,900000,80000,1,1,1,0,9,262
2014,2500000,79500,1,1,0,2,18,657
2013,620000,70000,1,1,1,2,9,1033
2018,1700000,5000,1,1,1,0,23,591
2018,650000,15000,3,1,1,0,7,436
2014,500000,35000,3,1,1,0,17,382
2018,950000,15000,1,1,1,2,16,671
2015,320000,60000,3,1,1,0,23,393
2016,350000,90000,1,1,1,0,16,623
2015,400000,90000,3,1,1,0,17,910
2009,250000,72000,1,1,1,2,9,1220
2017,1200000,50000,1,1,0,0,22,527
2011,450000,60000,3,1,0,4,9,1036
2018,615000,40000,3,1,1,0,17,911
2012,400000,60000,1,1,1,2,17,809
2013,60000,40000,3,1,1,0,22,689
2017,500000,9161,3,1,1,0,17,530
2015,600000,45000,3,1,1,0,8,684
2010,110000,110000,3,1,1,0,9,486
2013,175000,80000,3,1,1,0,9,833
2011,325000,100000,1,1,1,2,7,426
2017,425000,90000,1,1,1,0,17,901
2009,160000,70000,0,1,1,4,9,35
2014,390000,110000,1,1,1,2,17,901
2017,400000,50000,3,1,1,0,9,1197
2018,509999,5000,3,1,1,0,22,989
2008,150000,90000,3,1,1,4,9,1180
2013,450000,80000,1,1,1,0,19,880
2017,400000,38000,3,1,1,2,9,1197
2011,130000,90000,1,1,1,0,22,557
2017,160000,50000,3,1,1,0,17,42
2016,150000,60000,3,1,1,0,17,42
2013,500000,100000,1,1,1,2,16,1131
2011,40000,19000,3,1,1,0,22,695
2015,227000,70000,1,1,1,2,16,1020
2011,285000,50000,1,1,1,2,17,927
2012,155000,19077,3,1,1,2,17,60
2016,210000,30000,3,1,1,0,9,302
2009,140000,80000,3,1,1,2,17,62
2013,750000,80000,1,1,1,0,19,967
2016,610000,100000,1,1,1,0,17,118
2015,450000,50000,1,1,1,0,19,883
2012,409999,56000,1,1,1,0,23,402
2018,100000,21302,3,1,1,0,9,300
2018,300000,10500,3,1,1,0,20,629
2013,400000,107000,1,1,1,0,16,141
2010,210000,60000,3,1,1,2,9,1188
2010,222000,70000,3,1,1,0,17,1080
2015,240000,50000,3,1,1,2,17,42
2013,450000,70000,1,1,1,2,23,402
2012,735000,55300,1,0,0,0,24,615
2012,285000,74300,1,0,1,0,22,547
2010,350000,48781,3,0,1,0,8,225
2010,290000,87620,1,0,0,0,24,611
2017,890000,40219,1,0,0,0,24,1003
2011,385000,11473,3,0,1,0,8,608
2017,425000,8352,3,0,1,0,17,344
2017,525000,9745,3,0,0,0,17,1090
2017,550000,9748,3,0,1,0,9,501
2012,271000,49000,3,0,1,0,24,728
2018,1490000,20694,1,0,1,0,9,269
2015,490000,31080,3,0,1,0,9,502
2014,260000,37605,3,0,1,0,9,305
2014,455000,55850,1,0,1,0,9,1135
2010,75000,58850,3,0,1,0,22,693
2015,421000,23839,3,0,1,0,23,393
2016,550000,54000,1,0,1,0,17,894
2013,330000,38000,3,0,0,0,9,1189
2012,390000,45454,1,0,1,0,24,998
2015,599000,46957,1,0,0,0,21,764
2016,250000,25000,3,1,1,0,20,639
2012,600000,110000,1,1,1,1,16,849
2018,2700000,25000,1,1,0,0,1,754
2008,80000,90000,3,1,1,0,16,782
2019,350000,5000,3,1,1,0,17,55
2015,475000,60000,1,1,1,0,17,928
2020,4700000,1500,1,1,0,0,1,25
2018,500000,50000,1,1,1,0,17,907
2019,350000,5000,3,1,1,0,17,58
2014,4000000,47000,1,1,0,0,2,8
2017,1900000,20000,3,1,0,0,23,172
2015,409999,58000,1,1,1,0,9,507
2018,1050000,35000,1,1,1,0,16,1125
2017,320000,30000,3,1,1,0,17,55
2019,1000000,10000,1,1,1,0,16,1113
2017,1770000,25000,1,1,1,0,23,593
2018,950000,20000,1,1,1,0,16,970
2018,750000,50000,1,1,1,0,17,914
2014,220000,42000,3,1,1,0,9,311
2017,1000000,50000,1,1,1,0,22,524
2017,660000,116000,1,1,1,0,8,680
2015,716000,100000,1,1,1,0,17,386
2015,675000,66000,3,1,1,0,17,211
2010,385000,110000,1,1,1,4,16,847
2014,325000,70000,1,1,1,0,5,517
2015,950000,60000,1,1,1,0,9,269
2014,250000,25000,1,1,1,0,22,551
2018,4000000,68000,3,1,0,0,14,791
2014,210000,20000,3,1,1,0,17,42
2011,147000,110000,3,1,1,2,9,1178
2018,725000,26350,1,1,1,0,17,1061
2012,550000,90000,1,1,1,0,16,860
2016,475000,25000,3,1,1,0,9,1231
2014,250000,50000,3,1,1,2,9,835
2012,160000,70000,3,1,1,4,9,305
2011,1000000,90000,1,1,0,2,7,366
2017,500000,26500,3,1,1,0,9,492
2020,1050000,10000,1,1,1,0,9,266
2017,900000,50000,1,1,1,0,9,1047
2013,300000,90000,1,1,1,0,9,1219
2011,140000,60000,1,1,1,2,22,572
2018,550000,35000,3,1,1,0,7,437
2012,650000,71042,1,0,1,0,16,1132
2013,1490000,40000,1,0,0,0,2,1
2018,1140000,23038,3,2,0,0,8,242
2011,95000,70000,1,1,1,0,3,131
2017,3050000,30000,1,1,0,0,2,3
2017,585000,43608,3,2,1,0,17,120
2018,825000,11212,3,2,0,0,17,119
2013,280000,52000,1,0,1,0,9,1204
2016,725000,49217,3,2,1,0,17,126
2015,300000,90000,1,1,1,0,16,1021
2015,375000,70000,3,1,1,0,9,1140
2016,1950000,106000,1,1,0,0,7,367
2012,400000,80000,1,1,1,2,22,1145
2014,550000,80000,1,1,1,2,19,965
2018,270000,20000,3,1,1,0,17,346
2012,555000,110000,1,1,1,2,17,386
2013,500000,60000,1,1,1,2,7,330
2017,280000,28838,3,1,1,0,9,300
2014,250000,50000,3,1,1,0,17,43
2015,320000,50000,1,1,1,4,16,148
2012,160000,50000,1,1,1,0,3,131
2018,790000,19571,1,0,1,0,8,603
2018,1200000,29600,3,0,1,0,8,245
2011,175000,70000,3,1,1,0,17,922
2018,950000,15000,1,1,0,0,17,1065
2019,340000,50000,3,1,1,0,17,180
2017,825000,13500,1,1,1,0,20,177
2018,3100000,22000,3,1,0,0,1,21
2018,780000,25000,1,0,1,0,8,86
2010,350000,80000,3,1,0,4,23,254
2018,690000,39000,3,0,1,0,8,88
2016,245000,60000,3,1,1,0,17,48
2018,790000,49000,1,0,1,0,8,86
2018,680000,48600,3,0,1,0,8,90
2017,540000,20000,3,1,1,2,9,502
2016,425000,25000,3,1,1,0,16,624
2019,1100000,30000,1,1,1,0,17,387
2015,715000,35000,1,1,1,0,20,655
2018,400000,54000,3,0,1,2,22,1174
2014,1750000,102354,1,0,0,0,1,26
2014,1850000,62237,3,0,0,0,1,757
2018,950000,21394,1,0,1,0,7,321
2015,310000,32686,3,0,1,0,4,484
2017,490000,22000,1,0,1,0,20,745
2017,480000,53261,3,0,1,0,9,508
2016,3500000,53000,1,0,0,0,14,792
2018,370000,10000,3,0,1,0,20,629
2017,835000,14000,1,0,1,0,17,118
2017,650000,44000,3,0,1,0,24,735
2014,670000,39895,1,0,1,0,23,406
2017,950000,73000,1,0,0,0,3,282
2014,690000,17000,3,0,1,0,8,243
2017,670000,18591,3,0,1,0,24,735
2017,925000,26766,1,0,1,0,22,714
2015,250000,30000,3,1,1,0,9,311
2016,509999,42000,1,1,1,0,22,876
2014,520000,110000,1,1,1,0,8,230
2009,130000,110000,1,1,1,4,22,572
2018,950000,27620,1,0,1,0,7,321
2015,450000,70000,3,1,1,0,7,436
2012,320000,50000,3,1,1,2,8,221
2015,480000,50000,1,1,1,0,17,907
2014,2490000,46000,1,1,0,0,18,703
2012,790000,82000,1,1,1,0,23,586
2010,99000,70000,3,1,1,0,22,536
2018,1015000,20000,1,1,1,0,17,800
2018,1100000,30000,1,1,0,0,9,1045
2016,525000,60000,1,1,1,0,17,907
2016,500000,40000,3,1,1,0,9,1218
2009,150000,60000,3,1,1,4,9,1184
2018,450000,6000,3,1,1,0,9,497
2009,150000,68000,3,1,1,2,9,838
2012,200000,85000,1,1,1,0,3,131
2011,525000,70000,1,1,0,0,16,862
2010,180000,100000,1,1,1,2,17,939
2015,475000,110000,1,1,1,0,8,79
2015,285000,46000,3,1,1,2,17,42
2008,91200,60000,3,1,1,2,17,63
2015,400000,42000,1,1,1,0,9,507
2012,650000,85000,1,1,1,2,21,1160
2013,425000,72000,1,1,1,0,7,331
2013,250000,71000,0,1,1,2,17,1081
2009,200000,110000,3,1,1,1,17,912
2017,260000,30000,3,0,1,0,17,344
2015,450000,38000,1,1,1,0,8,603
2012,220000,90000,3,1,1,2,17,803
2018,650000,37000,1,0,1,0,9,1212
2018,285000,30000,3,0,1,0,17,42
2018,725000,26000,3,0,0,0,8,83
2016,625000,30000,3,0,1,0,17,210
2016,550000,23000,3,0,1,0,9,1214
2012,240000,40000,3,0,1,0,9,1179
2014,600000,27000,1,0,1,0,19,963
2012,350000,65000,1,0,1,0,22,704
2015,245000,32000,3,0,1,0,9,311
2016,600000,56000,1,0,1,0,16,144
2017,2400000,30000,1,1,0,0,2,1102
2014,620000,80000,1,0,1,0,16,858
2014,395000,52000,3,0,1,2,17,896
2014,635000,13250,3,0,1,0,17,388
2011,180000,36000,3,0,1,0,17,60
2015,484999,73000,1,0,1,2,17,941
2012,400000,110000,1,1,1,0,3,958
2012,200000,70000,1,1,1,2,22,546
2013,302000,60000,1,1,1,2,20,291
2011,215000,90000,1,1,1,1,17,913
2014,1000000,101000,1,1,1,2,23,577
2018,550000,44000,1,1,1,0,16,151
2013,229999,13500,3,1,1,0,9,303
2017,350000,10000,3,1,1,0,20,629
2015,325000,25000,3,1,1,4,9,508
2018,450000,8500,3,1,1,0,22,990
2009,150000,90246,3,1,1,4,17,62
2008,110000,90000,3,1,1,2,17,61
2010,150000,40000,3,1,1,2,17,63
2017,610000,32000,1,1,1,2,20,289
2013,170000,60400,1,1,1,0,22,668
2008,150000,70950,1,1,1,2,9,1043
2015,375000,72000,1,1,1,0,9,1133
2013,390000,90000,1,1,1,0,17,927
2017,600000,10000,3,1,1,0,9,1208
2014,204999,25000,3,1,1,2,17,42
2009,270000,80000,1,1,1,2,9,1043
2017,375000,10000,3,1,1,0,9,513
2020,700000,1100,3,1,1,0,17,126
2017,455000,40000,3,1,1,0,17,936
2017,375000,10000,3,1,1,0,9,1187
2014,341000,31491,3,1,1,0,9,501
2014,200000,107143,1,1,1,2,17,907
2017,450000,15000,3,1,0,0,17,529
2012,170000,50000,3,1,1,2,9,833
2017,1900000,100000,1,1,1,0,23,592
2016,500000,60000,1,1,1,0,16,147
2016,819999,85000,1,1,1,0,17,1063
2014,351000,40000,3,1,1,2,17,889
2011,195000,80000,3,1,1,2,9,1184
2008,250000,82000,1,1,1,2,17,909
2008,120000,70000,3,1,1,2,17,1162
2009,180000,70000,3,1,1,4,17,16
2016,430000,20000,1,1,1,0,16,621
2012,75000,35000,3,1,1,2,22,688
2017,750000,80000,1,1,1,0,16,1149
2011,60000,40000,3,1,1,0,22,691
2015,1500000,46412,1,1,1,0,23,585
2016,630000,50000,1,1,1,0,16,952
2018,1085000,15000,1,1,1,0,22,816
2012,190000,60000,3,1,1,2,9,1184
2018,550000,25000,3,1,0,0,17,122
2012,200000,90000,3,1,1,4,17,42
2011,165000,60000,3,1,1,0,3,872
2013,260000,65000,1,1,1,0,7,444
2011,151000,40000,3,1,1,0,17,60
2018,780000,50000,1,1,1,0,17,1060
2012,175000,80000,1,1,1,4,22,549
2010,170000,107500,1,0,1,0,22,551
2016,535000,55838,3,0,1,0,9,1213
2011,140000,90000,1,1,1,4,22,554
2012,350000,40000,3,1,1,0,19,881
2013,425000,66000,3,1,1,0,9,1035
2017,300000,30300,3,1,1,0,20,629
2013,340000,85000,1,1,1,2,24,1009
2009,250000,80659,3,0,1,0,17,912
2008,170000,81324,3,0,1,0,3,103
2015,200000,50000,3,1,1,0,3,139
2016,300000,25000,3,1,1,0,3,139
2015,300000,66755,1,0,1,0,8,79
2013,310000,95851,1,0,1,0,8,79
2010,260000,50000,3,1,1,0,17,1095
2008,150000,50000,3,1,1,2,17,719
2015,280000,15000,3,1,1,2,17,42
2016,850000,40000,1,1,1,0,16,1156
2017,375000,20000,3,1,1,2,4,480
2012,250000,110000,1,1,1,0,3,132
2011,220000,70000,1,1,1,0,9,1200
2010,110000,110000,1,1,1,2,22,538
2017,220000,40000,3,1,1,0,4,781
2009,100000,20000,1,1,1,0,22,569
2016,380000,15000,3,1,1,0,7,437
2010,480000,80000,3,1,1,2,24,727
2013,190000,70000,1,1,1,0,3,131
2017,650000,19014,3,0,1,0,7,326
2009,300000,23262,3,0,1,0,23,261
2016,700000,29600,1,0,1,0,7,466
2015,310000,35925,3,0,1,0,9,1187
2018,500000,12000,3,1,1,0,17,533
2013,415000,40771,3,0,1,0,23,405
2015,395000,30500,3,0,0,2,17,184
2014,430000,42000,3,0,1,2,23,397
2014,550000,66569,1,0,1,0,20,294
2014,415000,81358,1,0,1,0,24,734
2015,450000,82695,1,0,1,0,24,732
2014,285000,68293,1,0,1,2,7,445
2016,580000,32000,3,0,0,0,8,609
2018,1200000,60000,1,1,1,0,9,1048
2016,400000,88470,1,1,1,0,22,1170
2016,850000,75000,1,1,1,0,9,1029
2012,2500000,35000,1,1,0,0,18,296
2017,780000,70000,1,1,1,0,23,391
2017,3200000,57000,1,1,0,0,23,458
2020,350000,1000,3,1,1,0,17,48
2015,525000,98000,1,0,1,0,24,1000
2014,550000,90000,1,0,1,2,17,206
2018,580000,70000,1,1,1,0,24,92
2013,75000,25000,3,1,1,4,22,686
2009,185000,60000,1,1,1,4,22,661
2010,350000,110000,1,1,1,2,24,736
2018,695000,70000,1,1,1,0,16,950
2019,2700000,5000,1,1,0,0,16,68
2015,640000,70000,1,1,1,2,16,148
2014,160000,90000,3,1,1,0,17,48
2013,340000,110000,1,1,1,2,17,907
2012,110000,80000,1,1,1,2,17,788
2013,250000,90000,1,1,1,2,22,876
2017,1300000,70000,1,1,1,0,23,593
2014,250000,1,1,1,1,2,16,761
2013,240000,70000,3,1,1,1,17,1078
2015,275000,60000,3,1,1,2,17,1096
2008,350000,80000,1,1,1,2,16,849
2009,355000,100000,1,1,0,2,21,887
2020,619000,1500,3,1,1,0,17,933
2018,1700000,50000,1,1,1,0,12,251
2015,1000000,80000,1,1,0,2,21,887
2019,925000,50000,1,1,1,0,17,380
2015,450000,40000,1,1,1,0,16,148
2014,600000,13270,1,1,1,0,16,846
2016,700000,50000,1,1,1,0,16,974
2017,486000,26500,3,1,1,0,9,495
2013,400000,90000,1,1,1,0,17,927
2008,120000,100000,3,1,1,4,7,413
2018,275000,35000,3,1,1,0,17,42
2016,580000,57000,1,1,1,0,9,1222
2015,375000,70000,3,1,1,0,17,904
2015,229999,100000,3,1,1,4,17,1092
2010,110000,88000,3,1,1,2,17,60
2017,600000,60000,1,1,1,0,17,907
2009,120000,76000,3,1,1,2,17,16
2010,200000,100000,1,1,1,2,7,447
2012,450000,110000,1,1,1,2,9,1033
2012,550000,80000,1,1,1,2,9,1033
2012,220000,80000,3,1,1,2,17,60
2017,300000,20000,3,1,0,0,20,631
2018,630000,40000,1,1,1,0,16,150
2017,610000,40000,1,1,1,2,17,907
2019,660000,7000,3,1,1,2,9,1143
2012,220000,80000,2,1,1,2,17,1084
2011,138000,90000,1,1,1,2,19,677
2013,210000,13770,1,1,1,0,19,677
2008,125000,102000,3,0,1,0,17,63
2014,725000,110000,1,1,1,0,8,228
2011,170000,90000,3,1,1,2,17,50
2015,1200000,70000,1,1,1,4,23,584
2013,450000,100000,1,1,1,2,17,927
2015,530000,100000,1,1,1,0,17,907
2010,350000,115000,3,1,1,2,8,218
2011,165000,100000,1,1,1,2,22,669
2013,350000,42000,1,1,1,0,16,1151
2016,229999,38000,3,1,1,0,20,635
2018,800000,35000,1,1,1,0,8,1068
2015,660000,97000,1,1,1,2,17,202
2019,610000,10000,3,1,0,0,8,75
2013,240000,50000,3,1,1,4,8,166
2010,350000,90000,1,1,1,2,16,153
2019,720000,3000,3,1,0,0,9,354
2016,400000,25000,3,1,1,0,17,1091
2017,570000,35000,3,1,1,0,9,1208
2015,130000,70000,3,1,1,0,17,722
2016,210000,52000,3,1,1,0,17,42
2018,800000,52000,1,1,1,0,9,265
2017,700000,39000,1,1,1,0,8,599
2011,200000,28689,1,1,1,0,22,550
2014,495000,90000,1,1,1,2,22,97
2014,325000,80322,1,0,1,0,7,421
2019,650000,8000,3,1,1,0,7,470
2015,350000,61658,1,0,1,0,9,490
2010,90000,50000,3,1,1,4,17,1163
2016,600000,80000,1,1,1,0,17,377
2014,370000,57000,1,1,1,2,17,928
2018,1800000,26000,1,1,0,0,8,171
2019,650000,20000,3,1,0,0,9,494
2017,800000,30600,3,1,0,0,17,374
2020,802000,5000,3,1,1,0,24,729
2015,2300000,35000,1,1,0,4,1,22
2016,430000,35000,1,1,1,0,9,1134
2017,650000,23000,3,1,1,0,9,1034
2013,250000,87000,3,1,1,0,17,42
2014,550000,72000,3,1,1,2,7,328
2013,2000000,64000,1,1,0,2,11,1109
2012,155000,12000,3,1,1,0,3,136
2010,120000,67000,3,1,1,4,9,32
2012,287000,70000,1,1,1,0,23,575
2016,675000,60000,1,1,1,0,17,118
2011,235000,74500,3,1,1,2,9,1184
2015,434999,40000,3,1,0,2,19,679
2020,600000,5000,3,1,1,0,9,512
2016,470000,100000,1,1,1,2,3,959
2011,300000,100000,3,1,1,2,17,912
2018,600000,2000,3,1,1,0,17,120
2020,640000,4000,3,1,0,0,9,510
2015,600000,35000,3,1,1,0,9,1039
2014,290000,29000,2,1,1,0,9,1185
2015,600000,30000,3,1,1,0,9,1039
2008,160000,110000,3,1,1,4,9,1177
2017,325000,15000,3,1,1,0,17,55
2018,2800000,40000,1,1,0,0,23,458
2011,125000,60000,3,1,1,4,3,871
2008,155000,60000,3,1,1,1,9,1180
2015,550000,90000,1,1,1,0,9,1219
2009,130000,70000,3,1,1,1,17,1077
2015,500000,80000,1,1,1,2,23,394
2019,250000,27000,3,1,1,0,20,638
2012,580000,70000,1,1,1,0,16,1131
2014,200000,90000,1,1,1,2,7,447
2017,1200000,16400,1,1,1,0,22,525
2015,350000,80000,1,1,1,2,23,394
2012,600000,80000,1,1,1,2,16,1132
2019,650000,4000,3,1,1,0,8,607
2008,120000,40000,3,1,1,0,17,15
2018,950000,41395,3,1,0,0,9,1055
2012,250999,35000,1,1,1,2,22,662
2009,1250000,47000,1,0,0,2,1,31
2013,165000,50000,3,1,1,0,3,136
2015,700000,48000,3,0,1,0,9,352
2015,750000,53000,1,0,1,0,16,1132
2018,290000,15000,3,0,0,0,4,1233
2014,45000,7000,3,1,1,2,22,687
2013,675000,88000,1,0,0,0,21,886
2015,530000,55000,1,0,1,0,19,965
2014,1485000,48000,1,0,0,0,2,1104
2014,325000,71014,1,0,1,0,3,370
2015,400000,60000,1,0,1,0,8,76
2017,380000,71000,1,0,1,0,16,618
2016,750000,45000,3,0,0,0,8,241
2017,390000,45000,3,0,1,0,8,169
2019,1825000,14000,1,0,1,0,15,522
2019,3256000,17000,1,0,0,0,1,23
2015,370000,60000,1,0,1,0,20,839
2013,210000,80000,1,1,1,2,3,132
2012,575000,89550,1,1,1,2,9,1033
2010,320000,90000,1,1,1,4,16,1149
2013,380000,83000,1,0,1,0,7,423
2018,395000,20000,3,1,1,0,17,344
2015,451000,100000,1,1,1,0,19,965
2010,175000,45000,3,1,1,2,3,871
2009,170000,44800,3,1,1,2,3,871
2011,149000,10000,1,1,1,2,22,549
2011,160000,80000,1,1,1,2,22,538
2012,180000,60000,3,1,1,2,17,62
2017,675000,30000,1,1,1,0,7,440
2013,434999,100000,1,1,1,2,24,737
2009,200000,100000,3,1,1,0,22,536
2014,400000,35000,1,1,1,0,20,839
2018,790000,40000,1,1,1,2,7,314
2015,500000,90000,1,1,1,2,20,291
2016,360000,33000,3,0,1,0,17,1088
2010,210000,25000,3,1,1,0,17,63
2014,220000,66000,3,0,1,0,17,52
2009,250000,48000,3,1,1,0,3,104
2013,220000,100000,1,1,1,1,16,760
2012,1800000,50000,1,1,0,2,11,1109
2014,530000,50000,3,1,1,0,8,235
2016,575000,50000,1,1,1,0,17,118
2012,400000,99000,1,0,1,0,16,1150
2016,680000,50000,1,1,1,0,8,681
2014,1000000,80000,1,1,0,0,9,824
2016,260000,45000,3,1,1,2,17,42
2010,150000,50000,3,1,1,2,22,660
2008,180000,70000,3,1,1,4,17,63
2014,346000,37516,1,1,1,0,6,724
2015,450000,20000,1,1,1,0,16,1148
2019,500000,5000,3,1,1,0,9,497
2019,700000,8000,1,1,1,0,9,489
2019,280000,25880,3,1,1,0,17,42
2019,475000,10000,3,1,0,0,9,827
2009,300000,50000,1,1,1,0,17,909
2014,200999,40000,3,1,1,0,17,52
2009,200000,100000,1,1,1,4,21,643
2009,210000,80000,3,1,1,2,3,105
2012,160000,110000,1,1,1,0,22,570
2012,320000,80000,1,1,1,0,22,706
2009,110000,50000,3,1,1,2,17,62
2008,300000,30000,3,1,1,0,17,1085
2012,700000,10000,3,1,1,0,8,223
2009,135000,90000,1,1,1,1,22,544
2015,500000,110000,1,1,1,0,16,149
2014,1050000,90000,1,1,1,4,23,588
2016,500000,20000,3,1,1,0,8,235
2011,180000,90000,1,1,1,2,17,788
2010,170000,50000,3,1,1,2,9,835
2019,484999,9000,3,1,1,0,8,162
2011,150000,70000,3,1,1,2,17,16
2018,380000,25000,3,1,1,0,17,58
2019,480000,10000,3,1,1,0,9,831
2011,290000,60000,1,1,1,2,24,737
2013,350000,70000,3,1,1,0,5,650
2014,110000,25000,3,1,1,0,17,42
2011,300000,70000,3,1,0,4,24,1015
2017,180000,60000,3,1,1,0,17,41
2020,300000,20000,3,1,1,0,20,635
2017,509000,60000,3,1,1,0,17,120
2016,650000,80000,1,1,1,0,17,805
2015,450000,70000,1,1,1,4,17,928
2013,360000,80000,1,1,1,2,9,1219
2010,270000,60000,3,1,1,4,9,1223
2010,130000,110000,3,1,1,0,7,450
2014,700000,90000,1,1,1,2,8,227
2012,400000,40000,1,1,1,0,3,281
2009,250000,60000,3,1,1,2,17,945
2013,325000,94000,1,1,1,2,8,89
2008,69000,100000,3,1,1,0,17,62
2018,1380000,25000,1,1,1,0,16,851
2016,1000000,40000,1,1,1,0,16,1126
2010,145000,90000,0,1,1,2,9,35
2020,250000,1100,3,1,1,1,17,51
2011,256000,70000,1,1,1,4,17,927
2016,240000,70000,3,1,1,2,20,637
2009,199000,52536,3,1,1,0,17,892
2015,420000,60000,1,1,1,0,9,1133
2016,525000,110000,1,1,1,0,16,715
2008,125000,85000,3,1,1,0,9,835
2012,330000,86000,1,1,1,1,24,1013
2010,110000,50000,3,1,1,0,17,1080
2019,450000,1950,3,1,1,0,17,801
2012,250000,60000,3,1,1,2,9,1179
2015,650000,68000,1,1,1,0,7,331
2017,650000,6480,3,2,1,0,23,399
2017,750000,32077,1,2,1,0,17,1060
2018,850000,19107,3,2,1,0,23,1158
2017,315000,18469,3,2,1,0,9,306
2015,415000,28217,3,2,1,0,17,923
2016,640000,72787,1,2,1,0,17,207
2017,780000,31063,3,2,1,0,17,194
2017,2595000,79641,1,2,0,0,23,461
2015,850000,58692,1,2,1,0,9,268
2015,900000,54784,1,2,1,0,9,268
2016,1150000,64156,3,2,1,0,23,260
2012,215000,97000,1,1,1,0,24,1007
2019,400000,16000,3,1,0,0,9,827
2019,550000,60000,3,1,0,0,17,899
2016,245000,52000,3,0,1,0,3,136
2010,320000,110000,1,1,1,1,17,928
2016,730000,60000,1,1,0,2,16,956
2017,950000,35000,3,1,1,0,8,244
2017,350000,48000,3,1,1,4,17,1091
2017,350000,30000,3,1,1,0,17,1091
2013,370000,60000,3,1,1,0,9,1037
2012,160000,70000,3,1,1,2,9,303
2016,250000,30000,3,1,1,0,3,820
2012,270000,80000,1,1,1,2,22,706
2019,2600000,9500,1,1,0,0,2,1102
2013,160000,80000,3,1,1,0,9,305
2016,229999,80000,3,1,1,0,9,311
2017,750000,29000,1,1,1,0,16,152
2016,270000,22000,3,1,1,0,4,779
2012,300000,50000,3,1,1,0,21,410
2012,200000,50000,1,1,1,0,3,132
2012,300000,90000,1,1,1,0,20,456
2016,200000,53000,3,1,1,2,20,637
2017,250000,30000,3,1,1,0,17,42
2012,368000,90000,3,1,1,2,17,896
2012,180000,60000,2,1,1,0,17,1082
2017,525000,15000,3,1,1,0,9,499
2018,850000,30000,1,1,1,2,16,949
2017,500000,40000,1,1,1,0,17,921
2008,130000,100000,3,1,1,0,9,835
2015,350000,100000,1,1,1,2,22,1170
2013,450000,53000,1,1,1,0,8,89
2015,430000,73000,1,1,1,4,17,901
2011,260000,90000,1,1,1,4,17,806
2013,370000,80000,1,1,1,4,17,927
2011,229999,100000,0,1,1,0,3,102
2011,140000,90000,1,1,1,4,7,445
2020,545000,7300,3,1,1,0,9,357
2017,200000,30000,3,1,1,0,4,781
2008,70000,90000,3,1,1,2,17,62
2013,580000,25000,1,1,1,4,16,969
2012,160000,70000,0,1,1,2,17,343
2010,160000,36000,3,1,1,0,17,62
2016,760000,49000,1,1,1,0,17,379
2015,300000,22000,3,1,1,0,9,310
2019,800000,24000,1,1,1,0,16,141
2018,680000,20000,1,1,1,0,17,907
2009,85000,50000,2,1,1,2,17,12
2016,1300000,70000,1,1,1,0,23,589
2016,500000,60000,3,1,1,0,17,935
2015,3500000,35000,1,1,0,0,1,755
2008,145000,60000,3,1,1,0,9,36
2013,300000,60000,1,1,1,0,16,761
2017,600000,60000,1,1,1,2,17,929
2015,400000,70000,3,1,1,2,17,910
2017,641000,25000,3,1,1,0,17,127
2015,650000,50000,1,1,1,0,17,907
2020,784000,101,1,0,1,3,7,465
2020,635000,101,3,0,1,3,7,453
2020,1000000,101,1,0,1,3,7,334
2015,495000,52328,1,0,1,0,7,433
2013,324000,30000,3,1,1,0,9,835
2016,2100000,91505,1,0,0,0,7,367
2018,200000,35000,3,1,1,0,17,42
2015,320000,60000,1,1,1,0,17,907
2015,300000,20500,3,1,1,0,9,310
2009,125000,50000,3,1,1,1,17,9
2009,420000,100000,1,1,1,0,16,860
2017,875000,40000,1,1,1,0,17,1063
2014,580000,70000,1,1,1,0,17,914
2010,225000,80000,3,1,1,2,17,50
2014,400000,15000,3,1,0,0,8,74
2008,120000,41723,3,1,1,2,9,833
2010,250000,70000,3,1,1,0,17,807
2012,175000,20000,3,1,1,2,17,52
2018,590000,26350,1,0,1,0,17,534
2015,225000,68745,1,0,1,0,22,561
2016,900000,47000,1,1,1,0,16,1127
2017,375000,27289,3,0,0,0,17,56
2016,320000,24662,3,0,1,0,9,305
2013,525000,37000,1,0,1,0,17,907
2014,650000,28245,1,0,1,0,19,409
2017,575000,27005,1,0,1,0,9,491
2014,355000,39227,3,0,1,0,9,1179
2016,470000,31367,1,0,1,0,16,617
2008,221000,35008,3,0,1,0,17,1079
2009,195000,27005,3,0,1,0,9,835
2013,580000,45264,1,0,1,0,9,1052
2014,325000,39093,3,0,1,0,17,346
2013,495000,45241,3,0,1,0,8,219
2014,290000,12000,3,0,1,0,9,304
2018,375000,2769,3,0,1,0,4,777
2011,211000,43128,1,0,1,0,22,551
2010,225000,60000,3,1,1,2,9,1183
2014,420000,70000,1,1,1,4,16,847
2015,280000,22255,3,1,1,0,3,820
2013,400000,59213,3,1,1,0,9,1229
2015,850000,55000,1,1,1,0,16,1127
2011,550000,80000,1,1,1,0,7,426
2018,1000000,40000,1,1,1,0,20,178
2020,828999,1010,3,0,1,3,7,98
2020,1119000,1010,3,0,1,3,7,324
2020,746000,1111,3,0,1,3,7,453
2020,1030000,1010,3,0,1,3,7,339
2020,1334000,1010,1,0,1,3,7,323
2020,811999,1010,3,0,1,3,7,464
2020,1331000,1010,1,0,1,3,7,342
2020,852000,1010,3,0,1,3,7,467
2013,430000,70000,1,1,1,4,20,290
2015,830000,70000,1,1,1,0,16,852
2009,409999,110000,1,1,1,2,16,861
2012,190000,80000,1,1,1,4,17,927
2019,850000,50000,1,1,1,0,16,148
2011,95000,115000,1,1,1,1,22,559
2013,213000,80000,3,1,1,0,17,1080
2018,660000,25000,1,1,1,0,24,95
2017,415000,48965,3,0,1,0,19,678
2019,1100000,5166,3,0,1,3,7,337
2012,650000,76290,1,0,1,0,16,1132
2016,969999,70000,1,1,0,2,16,1115
2016,1250000,35000,1,1,1,0,16,1120
2017,715000,25000,1,1,0,0,17,897
2016,565000,47000,1,0,1,0,17,927
2013,615000,45766,1,1,1,2,16,969
2010,325000,79357,1,0,1,0,17,939
2012,409999,28000,1,1,1,0,7,445
2012,500000,72000,1,0,0,2,9,1051
2011,225000,76736,1,0,1,2,7,446
2012,750000,80000,1,1,0,2,20,642
2009,155000,60000,2,1,1,2,17,1083
2012,335000,77000,1,0,1,4,24,737
2012,300000,80000,3,1,1,0,9,1218
2014,700000,70000,1,1,1,2,16,853
2013,210000,42000,3,1,1,4,17,42
2011,220000,59000,3,1,1,2,17,1098
2009,70000,60000,3,1,1,0,3,872
2018,950000,70000,1,1,1,2,9,262
2014,800000,20000,1,1,1,0,7,416
2016,265000,40000,3,1,1,0,20,627
2011,175000,90000,1,1,1,4,24,738
2012,260000,89000,1,1,1,2,16,761
2013,950000,80000,1,1,1,4,23,584
2015,630000,50000,1,1,1,0,16,850
2012,35000,35000,3,1,1,4,22,690
2008,105000,90000,1,1,1,0,22,569
2013,185000,65000,1,1,1,0,22,552
2014,260000,50000,1,1,1,0,5,516
2012,450000,33000,1,1,1,0,17,909
2016,500000,38000,3,1,1,0,17,936
2012,260000,40000,3,1,1,0,17,50
2012,265000,55000,1,1,1,2,24,738
2017,800000,26000,1,1,1,2,16,970
2016,869999,80000,1,1,1,0,22,816
2018,690000,40000,3,1,1,0,17,117
2015,530000,77000,1,1,1,2,9,1219
2016,360000,30000,3,1,1,0,17,937
2015,220000,40000,3,1,1,0,17,889
2017,178000,35000,3,1,1,0,17,42
2018,515000,5000,1,1,1,0,16,973
2014,300000,35000,3,1,1,0,17,790
2012,150000,80000,1,1,1,2,22,548
2017,750000,15000,3,1,1,0,22,712
2012,950000,80000,1,1,1,0,23,578
2008,65000,110000,3,1,1,4,22,536
2012,312000,90000,1,1,1,2,9,1028
2018,700000,25000,1,1,1,0,17,1058
2013,450000,60000,1,1,1,0,20,456
2019,750000,1001,1,0,1,0,7,468
2017,774000,1758,3,0,0,0,7,435
2018,711000,1452,3,0,0,0,7,435
2017,600000,35122,1,0,1,0,7,432
2015,455000,92621,1,0,1,0,17,907
2015,225000,92198,3,0,1,2,4,484
2019,650000,5000,1,1,1,0,17,907
2013,200000,50000,3,1,1,0,3,136
2016,875000,74000,1,1,0,0,9,267
2017,750000,40000,1,1,0,0,21,765
2019,725000,22000,1,1,0,0,17,897
2019,1100000,40000,1,1,1,0,22,525
2017,2700000,30000,1,1,0,0,7,367
2016,280000,23000,3,1,1,0,20,639
2009,150000,30000,1,1,1,0,22,542
2010,200000,50000,3,1,1,0,22,663
2010,148000,100000,1,1,1,2,17,788
2011,254999,70000,3,1,1,2,17,912
2013,360000,60000,3,1,1,2,17,915
2012,185000,40000,1,1,1,0,22,550
2019,300000,15000,3,1,1,0,20,635
2018,800000,40000,3,1,1,0,9,1056
2010,80000,50000,3,1,1,2,5,747
2018,500000,8000,3,1,1,0,9,1143
2013,250000,35000,3,1,1,0,9,305
2010,250000,80000,1,1,1,0,22,704
2010,480000,90000,1,1,1,0,16,849
2018,320000,30000,3,1,1,2,16,619
2010,130000,70000,3,1,1,2,17,16
2008,125000,70000,3,1,1,0,17,63
2012,130000,90000,1,1,1,2,22,572
2019,630000,40000,3,1,1,0,17,127
2016,330000,50000,3,1,1,2,8,71
2014,340000,15000,3,1,1,2,17,1091
2014,550000,78322,1,1,1,0,22,814
2014,480000,110000,1,1,1,2,17,380
2013,315000,80000,1,1,1,2,9,1033
2018,550000,8000,3,1,1,0,17,120
2018,465000,13000,3,1,1,0,24,91
2012,120000,80000,1,1,1,4,22,549
2008,220000,54309,3,1,1,0,9,1041
2011,180000,70000,1,1,1,2,7,446
2016,520000,25000,3,1,1,0,22,1174
2013,430000,80000,1,1,1,4,22,814
2009,300000,55000,1,1,1,2,16,146
2020,1000000,5000,1,1,1,0,9,1017
2017,725000,30000,1,1,1,0,8,1068
2011,500000,31000,1,1,1,0,9,1026
2011,250000,50000,3,1,1,0,17,1080
2018,700000,38217,1,1,1,0,17,907
2011,185000,50000,3,1,1,4,7,452
2019,1700000,10000,1,1,1,0,22,521
2016,370000,60000,3,1,1,0,16,626
2011,250000,50000,3,1,1,0,9,1186
2019,500000,15000,3,1,1,0,17,531
2008,400000,35000,3,1,1,2,23,253
2014,200000,100000,1,1,1,0,22,666
2016,284000,40000,1,1,1,2,17,907
2014,170000,77000,3,1,1,0,3,139
2011,150000,60000,3,1,1,0,9,32
2010,110000,77073,3,1,1,2,22,660
2016,400000,70000,1,1,1,0,7,439
2013,275000,90000,2,1,1,2,9,1185
2014,550000,90000,1,1,1,0,16,849
2010,135000,80000,3,1,1,2,3,136
2014,458000,80000,1,1,1,0,17,928
2018,300000,35000,3,1,1,0,17,55
2008,95000,70000,3,1,1,0,17,62
2018,850000,50000,1,1,1,0,17,800
2019,750000,25000,1,1,1,0,7,465
2009,150000,70000,3,1,1,0,17,1085
2009,114999,106000,3,1,1,4,9,34
2020,830000,10000,3,1,1,0,22,67
2013,380000,50000,3,1,1,0,24,743
2010,150000,90000,3,1,1,2,9,1183
2008,50000,70000,3,1,1,0,3,871
2008,155000,100000,1,1,1,0,16,154
2010,300000,80000,3,1,1,0,21,884
2018,300000,16584,3,0,1,0,17,42
2016,385000,38000,1,0,1,0,22,984
2010,221000,51000,3,0,1,0,17,1079
2016,381000,38000,1,0,1,0,22,975
2015,250999,35000,3,0,1,0,17,42
2016,380000,38000,1,0,1,0,22,975
2017,751000,64000,1,0,1,0,17,207
2015,1250000,60000,1,0,0,0,16,1116
2014,229999,65000,3,0,1,0,9,300
2019,1250000,24000,1,1,1,0,22,814
2014,782000,58000,1,0,1,2,16,866
2014,780000,58000,1,0,1,2,16,863
2016,245000,68000,3,0,1,0,17,42
2011,321000,81257,1,0,1,0,9,1202
2017,509999,44000,1,0,1,0,9,491
2015,110000,45000,3,0,1,0,22,686
2013,400000,75000,1,0,1,0,24,737
2013,370000,90000,3,1,1,0,17,933
2013,92800,25000,3,1,1,2,17,42
2014,291000,90000,1,1,1,0,22,1145
2013,335000,110000,1,1,1,4,9,1033
2013,170000,35000,3,1,1,0,17,718
2019,295000,10000,3,1,1,0,17,42
2019,375000,10000,3,1,1,0,20,635
2012,215000,70000,3,1,1,2,9,305
2009,150000,110000,1,1,1,2,7,415
2012,280000,110000,1,1,1,1,22,709
2016,450000,50000,1,1,1,2,23,406
2018,1150000,58000,1,1,1,0,16,1128
2018,650000,15000,1,1,1,0,17,121
2015,300000,60000,3,1,1,2,22,1173
2015,73000,57000,3,1,1,0,22,698
2015,400000,87000,1,1,1,4,17,928
2017,300000,70000,3,1,1,0,20,629
2012,300000,30000,3,1,0,2,17,1072
2012,450000,80000,1,1,1,0,17,907
2009,200000,100000,3,1,1,2,9,835
2019,580000,40000,3,1,1,0,17,933
2017,550000,3917,3,1,1,0,9,492
2017,450000,35000,1,1,1,0,22,977
2014,220000,70000,3,1,1,0,3,871
2012,310000,69069,3,0,1,0,17,810
2019,650000,13500,3,1,1,0,9,361
2014,300000,59059,3,0,1,0,17,1087
2013,200000,70000,3,1,1,0,9,32
2012,285000,39039,3,0,1,0,8,166
2014,335000,33033,3,0,1,0,8,165
2011,370000,55168,3,1,1,2,9,1053
2013,375000,41041,3,0,1,0,9,1196
2009,235000,67067,3,0,1,0,9,1179
2013,345000,66066,3,0,0,0,9,1189
2013,365000,82082,1,0,1,0,16,762
2014,400000,48000,3,1,1,0,9,513
2015,250000,30000,3,1,1,0,9,303
2012,465000,70070,1,0,0,0,9,1051
2017,300000,10000,3,1,1,0,20,637
2018,655000,25000,3,1,1,0,17,916
2016,350000,30000,0,1,1,2,17,1081
2015,500000,50000,3,0,0,0,9,1189
2015,465000,63063,3,0,0,0,9,500
2008,263000,70000,1,1,1,0,17,930
2012,250000,90000,3,1,1,0,17,722
2014,370000,80000,1,1,1,2,9,1219
2016,509999,40000,1,1,1,0,17,929
2011,280000,33000,3,1,1,0,17,1168
2010,180000,40000,3,1,1,0,17,16
2017,650000,6000,3,1,1,0,7,336
2010,200000,78000,1,0,1,2,9,1052
2011,210000,72000,1,0,1,4,9,1052
2011,75000,9528,3,0,1,0,22,688
2011,220000,58000,3,0,1,2,9,1196
2013,325000,78000,1,0,1,2,9,1226
2018,450000,45000,3,1,1,0,22,1173
2017,825000,35000,1,1,1,0,7,316
2015,434999,100000,1,1,1,4,16,1148
2011,484999,99000,1,1,1,2,16,860
2009,175000,80000,1,1,1,4,17,788
2020,1250000,1100,3,0,1,0,8,113
2017,215000,34000,3,0,1,0,17,720
2014,625000,68000,1,0,1,0,16,1127
2018,615000,15000,1,1,1,0,7,315
2012,130000,58000,1,0,1,0,3,134
2013,175000,50300,1,1,1,0,22,562
2011,150000,70000,1,1,1,2,22,557
2011,195000,60000,1,1,1,4,22,551
2020,550000,90000,1,1,1,0,17,373
2018,1500000,40000,1,1,1,0,10,283
2010,400000,80000,3,1,1,2,21,884
2019,1350000,15000,1,1,1,0,19,641
2015,217000,45000,3,1,1,0,17,889
2018,700000,80000,1,1,1,0,16,151
2014,175000,40000,3,1,1,0,17,39
2017,575000,80000,1,1,1,0,24,94
2016,380000,100000,1,1,1,2,17,784
2015,320000,74820,1,1,1,0,17,928
2014,550000,82000,1,1,1,0,16,1127
2015,370000,50000,3,1,1,2,17,1091
2010,114999,70000,3,1,1,2,3,136
2020,1100000,1000,3,1,1,0,7,341
2019,950000,17000,1,1,1,0,7,315
2015,500000,80000,1,1,1,0,9,1222
2012,330000,90000,3,1,1,4,9,1196
2010,120000,90000,3,1,1,4,9,835
2013,430000,100000,1,1,1,2,9,1033
2014,390000,90000,1,1,1,0,17,928
2009,100000,66778,1,1,1,0,22,878
2014,190000,50000,3,1,1,0,9,305
2014,315000,110000,1,1,1,2,9,1230
2015,300000,60000,1,1,1,2,9,506
2016,280000,40000,3,1,1,0,20,637
2018,539000,10000,3,1,1,0,22,982
2017,420000,50000,3,1,1,0,17,187
2014,180000,76000,3,1,1,2,9,302
2016,350000,63400,3,1,1,0,8,161
2015,380000,25000,3,1,1,0,4,478
2009,140000,80000,3,1,1,4,9,1176
2012,200000,90000,3,1,1,0,17,1091
2017,280000,50000,3,1,1,0,20,637
2011,200000,40000,3,1,1,0,17,50
2009,110000,38500,3,1,1,2,3,107
2008,140000,103921,3,1,1,2,9,1179
2018,1150000,14825,3,0,1,0,8,244
2016,910000,43377,1,0,1,0,8,111
2010,160000,102307,1,0,1,0,7,447
2012,160000,110000,1,1,1,0,3,130
2013,225000,80000,1,1,1,0,3,822
2018,930000,20000,1,1,1,0,7,316
2017,650000,40000,1,1,1,0,20,656
2019,550000,51000,3,1,1,0,17,933
2016,509999,35000,3,1,1,0,23,392
2017,650000,70000,1,1,1,0,17,118
2011,140000,60000,3,1,1,2,3,871
2011,150000,70000,3,1,1,0,17,62
2018,450000,10000,3,1,1,2,4,475
2017,400000,60000,3,1,1,0,20,629
2016,300000,30000,3,1,1,0,22,979
2012,250000,8000,3,1,1,0,17,39
2019,500000,10000,3,1,1,0,22,989
2012,300000,110000,1,1,1,0,19,879
2015,740000,45000,1,0,0,0,16,1118
2019,484999,5007,3,0,0,0,9,830
2013,164000,30000,3,1,1,0,19,675
2008,140000,70000,3,1,0,0,8,215
2011,999000,49600,1,0,0,0,18,297
2010,190000,38000,3,0,1,0,9,1037
2018,3899000,22000,1,0,0,0,1,758
2011,235000,43100,3,0,1,0,9,1188
2017,350000,10171,3,0,1,0,4,477
2015,465000,41123,1,0,1,0,20,284
2017,1900000,20118,3,0,0,0,23,173
2014,450000,40000,1,0,1,0,8,231
2015,790000,52517,1,0,1,0,24,614
2019,900000,20000,1,1,1,0,16,670
2014,450000,99117,1,0,1,0,7,332
2009,135000,90000,3,1,1,0,3,871
2019,425000,3700,3,1,1,0,17,190
2010,100000,80000,1,1,1,0,22,553
2015,650000,100000,1,1,1,2,7,321
2011,90000,54000,1,1,1,0,22,541
2017,250000,19000,3,1,1,0,9,305
2014,275000,30000,3,1,1,0,17,1091
2017,600000,43500,3,1,1,0,8,115
2016,270000,60000,3,1,1,2,20,637
2016,240000,70000,3,1,1,2,20,639
2016,350000,20000,3,1,1,0,20,629
2015,650000,58000,1,1,1,0,17,907
2014,350000,40000,3,0,1,0,17,1076
2012,440000,70000,1,0,1,0,9,1217
2013,270000,60000,3,1,1,0,9,835
2015,238000,70000,3,0,1,0,17,717
2013,1100000,40000,3,1,0,2,18,110
2015,1200000,75000,1,0,1,2,16,1120
2015,480000,70000,1,1,1,0,23,403
2013,500000,110000,1,1,1,2,16,849
2017,595000,27000,3,0,1,0,9,502
2019,1295000,9000,1,0,1,0,9,1048
2019,1350000,5400,1,0,1,3,24,1002
2020,541000,1000,3,0,1,3,20,633
2018,515000,16000,3,0,1,0,9,825
2019,894999,13000,1,0,1,3,7,443
2012,325000,47000,1,0,1,0,20,746
2018,925000,22000,3,1,1,0,17,194
2017,844999,30000,3,1,1,0,19,964
2018,925000,20000,3,1,1,0,17,194
2013,300000,60000,1,1,1,0,22,667
2008,650000,75000,3,1,1,2,23,174
2010,175000,64000,3,0,1,0,17,52
2015,325000,80000,1,1,1,0,17,804
2017,600000,90000,1,1,1,0,20,292
2018,700000,30000,3,1,1,0,17,947
2019,490000,20000,3,0,1,0,17,187
2013,380000,100000,1,1,1,0,22,813
2018,550000,31000,3,0,1,0,9,498
2013,225000,47000,3,0,1,0,17,42
2018,570000,11200,3,1,1,0,22,710
2018,305000,35000,3,0,1,0,17,42
2010,240000,50000,2,0,1,0,17,1075
2015,700000,55000,1,0,1,0,17,377
2018,288000,20000,3,0,1,0,17,720
2017,800000,75000,1,0,1,0,16,143
2017,430000,93000,3,0,1,0,17,182
2009,195000,57000,1,0,1,2,3,133
2014,325000,30000,3,0,1,0,17,348
2013,450000,73000,1,0,1,0,20,288
2016,630000,65000,1,0,1,0,17,907
2009,250000,62000,3,0,1,2,17,892
2010,110000,73000,3,1,1,0,3,875
2012,350000,55000,1,0,1,0,17,942
2016,240000,5800,3,1,1,2,17,720
2018,600000,30000,3,1,1,0,17,947
2018,750000,20000,1,1,1,0,17,907
2018,270000,20000,3,1,1,0,9,305
2013,350000,65000,3,1,1,0,17,1087
2013,285000,90000,1,1,1,2,7,444
2018,1225000,22000,3,0,0,0,8,242
2010,285000,60000,3,0,1,2,8,606
2018,1000000,28635,3,0,1,0,8,244
2018,780000,32114,1,0,1,0,8,86
2014,300000,82000,3,0,1,2,17,182
2018,625000,68458,3,0,1,0,8,90
2010,265000,42000,3,1,1,0,17,790
2014,515000,90000,1,1,1,2,8,229
2016,650000,100000,1,1,1,0,9,1210
2017,650000,80000,1,1,1,0,16,955
2010,150000,105546,3,1,1,0,9,485
2018,500000,10000,3,1,1,0,23,398
2012,1000000,80000,1,1,1,2,23,581
2013,340000,35000,3,1,1,0,9,1227
2016,595000,70000,1,1,1,0,17,928
2019,265000,40000,3,1,1,0,20,635
2015,320000,60000,3,1,1,2,17,55
2011,310000,110000,3,1,1,0,8,214
2009,130000,80000,3,1,1,2,17,63
2015,300000,104000,1,1,1,2,8,70
2011,150000,100000,3,1,1,2,17,906
2016,950000,90000,1,1,1,2,9,264
2015,450000,76000,1,1,1,0,8,601
2009,200000,30000,3,1,1,2,16,783
2010,250000,96000,1,1,1,2,22,569
2015,280000,26134,3,0,1,0,17,65
2011,260000,52895,1,0,1,0,17,788
2013,550000,42324,1,0,1,2,9,1052
2016,1044999,65000,1,0,1,0,16,1119
2012,550000,60236,1,0,1,0,16,846
2014,210000,70000,3,1,1,2,17,1091
2014,210000,70000,3,1,1,4,17,1091
2009,290000,100000,1,1,1,2,16,1154
2008,250999,110000,1,1,1,0,5,6
2019,600000,10300,3,1,1,0,20,992
2017,800000,25000,1,1,1,0,16,957
2020,500000,5000,3,1,1,0,22,66
2016,396000,28643,3,0,1,0,9,497
2014,600000,50000,1,1,1,0,8,230
2019,575000,30000,3,0,1,0,17,1099
2020,520000,5000,3,1,1,0,9,831
2018,1400000,30000,1,1,0,0,16,1116
2018,600000,7600,3,1,0,0,17,122
2013,195000,47253,1,0,1,0,3,131
2015,281000,4432,3,0,0,2,17,56
2010,75000,110000,3,1,1,2,22,536
2014,400000,25000,3,1,1,0,9,513
2009,93000,70000,1,1,1,2,22,553
2016,560000,68523,3,0,1,0,9,1213
2019,400000,5000,3,1,1,0,9,300
2018,459999,40000,3,1,1,0,22,990
2017,450000,43000,1,1,1,0,9,1136
2010,88000,80251,0,0,1,2,17,49
2010,250000,34500,3,1,1,2,9,1193
2013,130000,93900,1,1,1,2,3,131
2012,120000,110000,1,1,1,0,3,131
2011,1700000,100000,1,1,0,2,2,7
2012,300000,25000,1,1,1,0,3,726
2009,145000,25000,3,1,1,0,17,15
2019,3200000,20000,1,1,0,0,7,367
2013,240000,10000,3,1,1,0,3,872
2018,700000,30000,1,1,1,0,8,1068
2010,145000,110000,3,1,1,2,9,36
2014,535000,80000,1,1,1,2,17,381
2016,420000,21000,3,1,1,0,16,625
2016,350000,20000,3,1,1,0,17,55
2015,550000,32000,1,1,1,0,17,928
2012,198000,70000,1,1,1,2,22,539
2013,420000,50000,1,1,1,0,9,1228
2012,150000,55766,3,1,1,2,9,313
2011,275000,40000,3,1,1,2,19,678
2008,200000,50000,3,1,1,0,17,924
2010,250000,110000,1,1,1,2,17,909
2013,182000,100000,1,1,1,0,22,574
2013,400000,50000,1,1,1,0,17,927
2017,650000,20000,1,1,1,0,17,121
2010,400000,50000,3,1,1,0,9,1183
2012,295000,80000,1,1,1,2,22,659
2015,550000,113600,1,1,1,0,5,648
2008,190000,70000,3,1,1,4,9,835
2018,861999,20000,1,0,1,0,7,101
2018,782000,14000,3,0,1,0,7,100
2018,836000,26000,1,0,1,0,7,469
2016,612000,105429,3,0,1,0,8,598
2015,114999,35000,3,1,1,0,17,42
2017,340000,60000,1,1,1,0,22,157
2020,550000,5000,3,1,1,0,17,947
2008,114999,70000,3,1,1,4,3,106
2019,890000,20000,1,1,1,0,17,1062
2019,715000,8000,3,1,1,0,22,711
2014,525000,54000,3,0,1,2,9,1216
2014,475000,23122,3,0,1,2,9,1218
2012,349000,44500,1,0,1,2,3,280
2017,825000,13599,3,0,0,0,24,740
2014,550000,100000,1,1,1,2,16,860
2014,725000,90000,1,1,1,2,23,576
2019,670000,17000,3,1,1,0,22,991
2015,500000,50000,1,1,1,2,16,1149
2017,600000,53000,3,1,1,0,16,626
2017,350000,70000,3,1,1,2,17,1096
2012,200000,70000,1,1,1,2,3,132
2012,150000,80000,3,1,1,0,9,313
2013,350000,90000,1,1,1,2,8,73
2018,1700000,15000,1,1,1,0,23,592
2011,890000,86000,1,1,0,2,2,1103
2019,600000,5200,3,1,1,0,9,363
2010,99000,60000,3,1,1,2,3,135
2011,235000,46000,3,1,1,0,9,1178
2014,600000,90000,1,1,1,2,8,230
2019,1000000,25000,1,1,1,2,9,1047
2012,390000,90000,1,1,1,0,9,1032
2015,600000,70000,1,1,1,0,24,733
2017,600000,70000,3,1,1,2,9,1197
2019,730000,35000,1,1,1,2,9,358
2017,450000,12700,3,1,0,0,9,494
2011,250000,80000,1,1,1,0,17,784
2018,1400000,20000,1,1,1,0,16,1120
2018,300000,20000,3,1,1,0,20,629
2017,800000,19000,3,1,1,0,7,319
2009,125000,95000,1,1,1,2,5,515
2012,295000,90000,1,1,1,0,24,738
2013,650000,45839,3,0,1,0,7,327
2010,200000,74510,3,0,1,0,3,103
2009,130000,87293,3,0,1,0,3,105
2017,430000,101159,3,0,1,0,7,98
2015,170000,80000,3,1,1,2,9,301
2019,450000,12000,3,1,1,0,22,985
2013,350000,90000,3,1,1,0,17,944
2011,130000,68519,3,0,1,0,3,872
2012,180000,55130,1,0,1,0,3,131
2014,475000,65239,3,0,1,0,7,329
2015,470000,58182,3,0,1,0,24,730
2012,200000,91245,1,0,1,0,7,424
2013,650000,102989,1,0,1,0,16,1131
2010,400000,50000,3,1,1,0,8,213
2014,409999,90000,1,1,1,0,17,907
2018,640000,25000,1,1,1,0,17,928
2018,750000,70000,1,1,1,0,17,128
2008,80000,100000,3,1,1,2,17,64
2016,240000,90000,1,1,1,4,17,181
2008,285000,90000,1,1,0,2,24,611
2015,350000,60000,1,1,1,2,17,928
2015,699000,30000,1,1,1,2,9,1211
2011,275000,108000,1,1,1,2,7,448
2012,650000,102000,1,1,1,2,16,1131
2012,450000,60000,3,0,1,0,7,425
2019,425000,3000,3,1,1,0,22,979
2014,335000,60000,3,1,1,2,9,1139
2012,220000,70000,1,1,1,2,22,569
2016,620000,70000,1,1,1,0,17,928
2014,425000,100000,1,1,1,2,17,902
2015,270000,40000,1,1,1,2,17,890
2017,450000,30000,3,1,1,0,16,624
2012,450000,42655,1,1,1,0,22,708
2017,250000,43000,3,1,1,2,20,628
2012,725000,70000,1,1,1,0,23,587
2010,250000,55000,3,1,1,0,9,1223
2010,99000,80000,1,1,1,2,5,748
2017,350000,55000,3,1,1,0,20,627
2018,511000,70000,3,1,1,0,9,1142
2012,300000,80000,1,1,1,0,17,788
2010,1100000,110000,3,1,0,0,1,756
2010,125000,60000,3,1,1,4,9,1188
2018,500000,30000,3,1,1,0,22,982
2013,385000,80000,1,1,1,2,20,289
2012,350000,90000,3,1,1,0,21,773
2012,300000,50000,3,1,1,0,9,835
2012,400000,70000,1,1,1,0,9,1199
2014,550000,110000,1,1,1,0,7,331
2012,300000,80000,3,1,1,2,19,881
2018,300000,25000,3,1,1,0,17,344
2020,1200000,11000,1,1,1,0,16,854
2017,355000,40000,3,1,0,0,20,630
2015,520000,50000,1,1,1,0,17,907
2012,500000,26000,1,1,1,0,9,1028
2008,114999,30000,3,1,1,0,17,62
2014,1800000,50000,1,1,1,0,23,462
2018,800000,20000,1,1,1,0,16,954
2008,105000,30000,3,1,1,2,17,63
2011,135000,78000,3,1,1,0,17,62
2011,170000,40000,3,1,1,2,17,1091
2014,550000,100000,3,1,1,0,9,1034
2009,250000,70000,3,1,1,4,8,218
2014,650000,30000,1,1,1,2,9,351
2008,210000,77000,3,1,0,4,8,216
2016,750000,69000,1,1,1,0,17,914
2008,110000,110000,3,1,1,2,9,485
2017,1230000,70000,1,1,0,0,16,1118
2013,220000,110000,1,1,1,0,16,761
2009,130000,50000,1,1,1,0,22,573
2012,330000,44000,3,1,1,0,9,1194
2010,254999,90000,3,1,1,2,8,214
2014,600000,50000,3,1,1,2,9,1035
2012,210000,50000,3,1,1,0,9,1179
2018,426000,15000,3,1,0,0,22,981
2015,265000,60000,3,1,1,0,17,55
2016,450000,35000,3,1,1,2,9,1141
2012,480000,80000,1,1,1,0,9,1032
2010,40000,90000,3,1,1,0,22,691
2011,395000,70000,3,1,1,2,8,214
2013,229999,62000,3,1,1,2,17,1091
2018,875000,10000,3,1,0,0,7,338
2010,170000,80000,0,1,1,1,17,343
2015,500000,35000,3,1,1,2,9,1229
2019,450000,40000,3,1,1,0,17,532
2013,200000,60000,3,1,1,0,22,664
2008,80000,90000,3,1,1,2,22,536
2019,675000,15000,1,1,1,0,7,101
2017,260000,30000,3,1,1,0,17,346
2012,730000,110000,1,1,1,2,23,584
2016,525000,100000,1,1,1,2,19,963
2016,525000,105000,1,1,1,2,19,963
2012,420000,95000,1,1,1,2,23,257
2015,500000,70000,3,1,1,0,8,82
2009,165000,76000,3,1,1,2,17,1085
2014,650000,70000,1,1,1,2,9,1032
2013,195000,46000,1,1,1,0,3,132
2016,515000,50000,1,1,1,0,9,1133
2017,700000,24585,1,0,1,3,8,603
2011,220000,110000,1,1,1,4,23,396
2019,520000,10000,0,1,1,0,9,829
2010,170000,100000,3,1,1,0,5,651
2011,190000,110000,1,1,1,2,7,447
2011,150000,100000,1,1,1,2,7,447
2009,125000,65000,3,1,1,0,17,1164
2015,290000,40000,1,1,1,4,8,73
2019,490000,13900,3,1,1,0,17,186
2017,434999,17563,3,1,1,0,22,991
2016,380000,15000,3,1,1,0,22,1173
2012,200000,82000,1,1,1,2,24,738
2016,495000,40000,1,1,1,0,7,434
2015,300000,50000,3,1,1,0,8,166
2017,430000,15000,3,1,1,0,8,71
2017,370000,80000,1,1,1,0,8,69
2019,750000,11000,3,1,1,0,17,127
2016,300000,50000,0,1,1,0,17,54
2015,300000,90000,3,1,1,0,9,513
2016,650000,40000,1,1,1,0,9,1222
2017,509999,25000,1,1,1,0,17,928
2014,1150000,110000,1,1,0,2,1,753
2018,245000,30000,3,1,1,0,9,311
2016,375000,25000,3,1,1,0,9,513
2015,150000,55000,1,1,1,2,16,841
2018,1450000,20000,1,1,1,0,16,1120
2014,500000,100000,1,1,1,2,17,380
2018,620000,35000,1,1,1,0,16,151
2010,600000,110000,1,1,1,2,19,1100
2011,80000,62000,3,1,1,2,22,565
2016,440000,33000,3,1,1,2,19,678
2013,250000,80000,1,1,1,1,17,901
2017,700000,35000,1,1,1,0,9,1205
2015,450000,50000,1,1,1,0,9,505
2019,240000,5000,3,1,1,0,17,47
2016,650000,81595,1,0,1,0,7,321
2015,400000,40000,3,1,1,0,17,937
2008,130000,40000,3,1,1,2,17,63
2013,300000,70000,1,1,1,2,16,844
2019,1100000,4000,1,1,1,0,19,640
2015,2200000,24000,1,1,0,0,2,0
2018,800000,13500,3,0,1,0,8,90
2013,490000,40000,1,1,1,0,17,787
2018,836000,9700,3,0,1,0,8,598
2012,375000,62000,3,1,1,2,24,741
2016,1249000,24000,1,0,1,0,8,111
2019,1240000,13000,1,0,1,0,8,1068
2009,35000,50000,3,1,1,4,22,696
2017,1068000,36000,3,0,1,0,8,113
2017,1189000,40000,1,0,1,0,8,111
2018,700000,27000,3,1,1,0,9,359
2016,350000,40000,3,1,1,0,17,55
2009,254999,80000,3,1,1,2,9,1183
2016,750000,80000,1,1,1,0,9,1222
2017,509999,25000,3,1,0,0,17,189
2013,363000,28740,3,1,1,0,19,678
2010,229999,48500,3,1,1,0,17,52
2012,290000,110000,3,1,1,2,19,881
2018,550000,30000,3,1,1,0,17,933
2011,390000,90000,1,1,1,0,9,1033
2015,220000,45000,3,1,1,0,17,182
2018,370000,15000,3,1,0,0,17,1071
2019,650000,20000,1,1,1,0,17,907
2017,280000,37000,3,1,1,0,17,41
2016,540000,80000,1,1,1,0,17,907
2018,800000,20000,3,1,1,0,17,198
2016,515000,25000,1,1,1,0,7,432
2010,220000,96000,3,1,1,4,9,1194
2013,165000,53000,3,0,1,0,3,874
2010,221000,65000,1,0,1,0,5,647
2015,245000,43000,3,0,1,0,3,136
2012,260000,42000,3,0,1,0,7,429
2011,550000,73000,1,0,0,0,21,887
2015,434999,29000,3,0,1,0,9,493
2013,450000,95000,1,0,1,0,22,814
2014,290000,25000,3,1,1,0,3,817
2011,305000,53000,3,0,1,2,24,996
2011,265000,20000,3,0,1,0,7,249
2014,325000,57000,3,0,1,0,8,161
2014,550000,52000,1,0,1,0,3,281
2008,105000,40000,3,1,1,0,17,1165
2012,275000,47000,3,0,1,0,8,161
2012,434999,47000,3,0,1,2,8,218
2016,690000,73000,1,0,1,0,9,1031
2012,249000,42000,3,0,1,2,8,168
2012,204999,60000,3,0,1,4,9,303
2012,150000,50000,3,1,1,0,17,62
2018,900000,25000,1,1,1,0,16,151
2019,950000,11000,3,1,0,0,17,389
2013,475000,80000,3,1,1,0,17,910
2013,450000,75000,1,1,1,2,7,426
2009,1200000,45000,1,1,0,4,2,5
2014,350000,60000,1,1,1,2,8,226
2015,821000,50000,3,1,1,0,9,272
2014,200000,80000,3,1,1,2,17,55
2017,1000000,60000,1,1,1,2,16,841
2016,220000,60000,3,1,1,2,17,48
2012,310000,70000,1,1,1,2,17,808
2018,815000,42000,1,1,1,0,9,355
2017,1200000,40000,1,1,1,0,9,1029
2017,1000000,30000,1,1,1,0,17,796
2010,155000,90000,3,1,1,1,9,835
2016,400000,80000,1,1,1,2,16,760
2010,250000,80000,1,1,1,2,22,545
2008,150000,50000,3,1,1,4,22,566
2014,325000,70000,1,1,0,0,24,999
2019,738000,8000,3,1,0,0,9,362
2016,300000,30000,3,1,1,0,17,55
2012,150000,110000,1,1,1,0,22,549
2011,280000,110000,1,1,1,0,24,1011
2008,150000,100000,3,1,1,2,17,938
2014,380000,100000,1,1,1,2,17,907
2011,275000,60000,1,1,1,2,21,411
2009,180000,41090,3,1,1,0,17,1167
2014,200000,40000,3,1,1,0,17,42
2011,500000,40000,3,1,1,2,23,258
2010,300000,70000,3,1,1,2,7,419
2015,765000,80000,1,1,1,2,9,1031
2017,650000,90000,1,1,1,0,17,907
2017,380000,19000,3,1,1,0,17,1097
2014,480000,110000,1,1,1,2,17,907
2010,145000,68000,0,1,1,2,17,1166
2014,254999,30000,1,1,1,0,17,907
2016,300000,90000,3,1,1,2,22,158
2017,850000,44500,3,1,0,0,21,775
2014,350000,52000,1,1,1,2,9,1219
2016,650000,26000,3,1,1,0,9,1209
2015,300000,35000,3,1,1,0,17,182
2008,150000,60000,3,1,1,2,17,892
2011,180000,80000,1,1,1,4,22,669
2009,110000,100000,1,1,1,1,7,415
2015,425000,12000,3,1,1,0,9,513
2016,700000,35000,1,1,1,0,8,89
2010,130000,50000,3,1,1,2,17,1168
2017,650000,67000,1,1,1,0,17,914
2013,400000,100000,3,1,1,2,20,293
2017,800000,60000,1,1,1,0,16,957
2017,675000,70000,1,1,1,0,16,151
2017,210000,50000,3,1,1,1,17,720
2015,516000,90000,3,1,1,0,9,1229
2014,450000,80000,3,1,1,0,9,1229
2012,134000,90000,3,1,1,2,3,871
2016,500000,20000,3,1,1,0,24,730
2008,130000,80000,3,1,1,1,17,1161
2015,575000,60000,1,1,1,0,17,943
2015,550000,49000,3,1,1,0,9,361
2009,145000,89255,1,1,1,0,22,556
2020,347000,5000,3,1,1,0,17,42
2013,275000,110000,1,1,1,0,22,550
2012,160000,90000,1,1,1,2,3,130
2010,150000,63000,1,1,1,4,5,514
2015,550000,23000,3,1,1,0,8,682
2013,349000,100000,1,1,1,0,16,761
2008,110000,90000,1,1,1,4,22,541
2008,110000,70000,3,1,1,4,17,1085
2018,245000,5550,3,1,1,2,20,634
2014,180000,100000,3,1,1,2,17,55
2014,290000,80000,3,1,1,2,17,1091
2010,250000,40000,3,1,1,0,9,1223
2010,150000,100000,1,1,1,0,22,574
2009,72000,70000,3,1,1,0,17,64
2014,250000,115000,1,1,1,0,17,788
2019,575000,25000,3,1,0,0,17,893
2019,1300000,10000,1,1,0,0,13,867
2019,425000,15000,3,1,1,0,9,828
2019,470000,10000,0,1,1,0,17,347
2012,220000,80000,3,1,1,4,23,407
2020,310000,1700,3,1,1,0,17,42
2016,400000,45217,1,0,1,0,7,434
2018,310000,20000,3,1,1,0,9,311
2017,750000,50000,1,1,1,0,17,208
2010,260000,50000,3,1,1,0,17,892
2012,180000,40000,3,1,1,2,17,62
2011,220000,70000,3,1,1,2,17,52
2010,200000,70000,3,1,1,4,17,50
2009,130000,100000,1,1,1,4,7,535
2016,335000,41000,3,0,1,0,22,987
2017,2650000,60000,1,0,0,0,7,368
2018,2675000,56000,1,0,0,0,7,367
2017,2675000,60000,1,0,0,0,7,368
2011,434999,97000,3,0,0,2,8,222
2014,500000,60000,3,1,1,0,8,233
2017,290000,60000,3,1,1,0,17,58
2014,475000,48000,3,0,0,2,7,340
2019,600000,80000,3,1,1,0,9,1143
2013,300000,70000,1,1,1,2,9,1219
2012,415000,80000,1,1,1,2,24,613
2018,800000,30000,1,1,0,2,17,1064
2016,420000,44440,3,1,1,2,9,513
2018,1250000,30000,1,1,1,0,9,270
2015,390000,80000,1,1,1,2,9,507
2012,400000,110000,1,1,1,0,21,645
2010,850000,46000,1,1,0,0,1,28
2015,470000,91365,1,0,1,0,17,914
2013,360000,90010,1,0,1,2,17,907
2013,250999,80000,1,1,1,0,17,380
2012,45000,35000,3,1,1,2,22,693
2013,495000,31800,1,0,1,0,17,907
2013,310000,59100,0,0,1,0,17,1073
2016,540000,31200,3,0,1,0,8,597
2016,665000,51000,1,0,1,0,17,203
2013,425000,22700,1,0,1,2,9,1226
2011,1295000,58000,1,0,0,0,1,18
2016,675000,50900,1,0,1,0,17,199
2018,980000,10000,1,1,1,0,17,1066
2014,320000,60000,1,1,1,0,3,131
2011,250000,80000,3,1,1,2,17,789
2016,600000,72000,1,1,1,0,17,128
2016,300000,96000,3,1,1,0,9,1140
2014,305000,66000,1,1,1,0,3,131
2009,106000,70000,3,1,1,0,17,1085
2019,539000,2417,3,1,1,0,22,982
2016,250000,30000,3,1,1,2,9,306
2018,707000,60000,1,1,1,0,16,845
2020,495000,7000,0,1,1,0,17,347
2012,200000,35000,1,1,1,0,22,574
2009,110000,110000,3,1,1,1,17,16
2016,150000,25000,3,1,1,2,17,41
2018,475000,23000,3,1,1,0,9,495
2014,425000,40000,3,1,1,0,24,731
2019,950000,10000,1,1,1,0,17,797
2015,535000,80000,1,1,1,0,17,907
2009,325000,25000,1,1,1,4,9,1049
2013,270000,74000,3,1,1,4,17,1087
2015,300000,60000,3,1,1,4,17,182
2011,325000,70000,1,1,1,0,24,1010
2010,350000,100000,1,1,1,0,22,704
2011,345000,65500,1,1,1,0,3,281
2016,1025000,70000,1,1,1,0,16,841
2012,120000,50000,3,1,1,0,17,42
2009,114999,90000,3,1,1,2,17,63
2016,340000,56000,3,0,1,0,17,182
2010,115999,70000,3,1,1,0,17,50
2016,375000,23000,3,0,1,2,17,1088
2017,409999,35000,3,1,1,0,17,187
2013,220000,90000,1,1,1,2,19,879
2008,120000,80000,3,1,1,2,7,418
2017,800000,15000,3,1,1,0,17,917
2016,300000,35000,3,1,1,0,4,476
2008,195000,56000,3,1,1,2,9,1179
2010,160000,102000,1,1,1,2,22,569
2018,800000,35000,1,1,1,0,16,148
2013,100000,80000,3,1,1,0,17,9
2015,265000,32933,3,0,1,0,17,42
2008,175000,54551,3,0,1,0,17,1079
2014,250999,57112,3,0,1,0,17,718
2015,471000,41025,3,0,0,0,9,1144
2019,650000,5000,1,1,1,0,17,901
2012,225000,53122,3,0,1,2,9,309
2013,245000,64111,0,0,1,0,17,44
2011,221000,78892,3,0,1,0,17,786
2011,271000,74113,3,0,1,0,9,1190
2012,290000,80000,3,0,1,0,17,1088
2017,525000,39000,3,0,1,0,17,938
2012,377000,84775,3,0,1,0,24,1005
2012,95000,20778,3,0,1,0,22,690
2015,763000,64441,1,0,1,0,17,380
2015,450000,43192,3,0,1,0,8,81
2014,140000,44416,3,0,1,0,22,697
2016,701000,79991,1,0,1,0,17,203
2011,277000,62601,1,0,1,2,19,676
2018,520000,50000,3,1,0,0,17,122
2017,550000,100000,1,1,1,0,7,438
2011,260000,97000,1,1,1,4,24,1008
2015,420000,100000,1,1,1,0,20,745
2018,1150000,20000,1,1,1,0,16,1130
2017,680000,46000,3,1,1,0,17,196
2012,425000,40000,1,1,1,0,17,927
2014,450000,70000,1,1,1,2,17,901
2008,590000,89600,1,1,1,4,23,580
2017,936999,60800,3,1,1,0,24,610
2015,420000,104000,1,1,1,2,8,681
2014,450000,80000,1,1,1,2,24,733
2014,520000,70000,1,1,1,2,23,577
2014,55000,40000,3,1,1,0,22,685
2019,210000,20000,3,1,1,0,17,42
2017,260000,50000,1,1,1,0,22,976
2016,250000,70000,1,1,1,0,22,1169
2008,80000,90000,1,1,1,0,22,542
2014,350000,90000,3,1,1,2,7,449
2011,320000,100000,1,1,1,0,17,806
2016,475000,90000,1,1,1,0,8,78
2008,70000,60000,3,1,1,0,22,536
2015,281000,40000,1,1,1,0,3,821
2013,211000,80000,1,1,1,0,22,567
2018,550000,11000,3,1,1,0,9,360
2014,350000,110000,1,1,1,0,3,371
2017,420000,19890,3,0,0,0,17,1089
2015,270000,20969,3,0,1,0,20,637
2016,399000,20194,3,0,1,0,17,182
2016,440000,34982,3,0,1,0,7,455
2012,250000,44588,3,0,1,0,9,309
2016,650000,57904,1,0,1,0,7,334
2015,270000,59258,3,0,1,0,17,55
2016,390000,60826,3,0,1,0,7,455
2018,1500000,50000,1,1,1,0,16,1120
2014,225000,35000,3,1,1,0,17,9
2015,900000,110000,1,1,1,2,16,1131
2018,1600000,40000,1,1,0,0,9,993
2019,800000,10000,3,1,1,0,22,712
2013,320000,50000,1,1,1,0,8,70
2016,300000,25000,3,1,1,0,17,42
2018,740000,25000,3,1,1,0,9,1191
2019,350000,1300,3,1,1,0,4,780
2014,280000,40000,3,1,1,0,4,482
2018,675000,50000,1,1,0,0,17,897
2011,300000,20000,3,1,1,0,9,1178
2011,400000,76000,1,1,1,4,3,175
2010,420000,100000,1,1,1,4,16,866
2010,170000,70000,3,1,1,0,17,1094
2014,210000,70000,3,1,1,4,9,305
2015,600000,60000,1,1,1,2,17,380
2014,260000,38000,3,1,1,2,17,1091
2015,82000,19000,3,1,1,0,22,698
2016,690000,75000,1,1,1,0,16,955
2015,300000,70000,1,1,1,0,9,504
2017,1250000,30000,1,1,1,0,8,114
2017,799000,31707,1,1,1,0,9,1046
2014,190000,90000,3,1,1,2,17,42
2014,250000,30000,1,1,1,0,16,1019
2009,200000,60000,3,1,1,0,9,1042
2008,90000,70000,3,1,1,4,17,9
2012,1750000,115992,1,0,0,4,25,1107
2017,290000,110000,3,1,1,2,17,1096
2014,1050000,97000,1,1,1,2,23,588
2008,70000,100000,1,1,1,4,22,573
2016,520000,41000,1,1,1,0,17,943
2012,150000,90000,1,1,1,0,22,569
2008,120000,90000,3,1,1,0,9,1180
2016,600000,25000,3,1,1,0,9,1221
2010,150000,70000,1,1,1,2,22,1146
2011,400000,60000,3,1,1,0,24,1014
2015,310000,30000,3,1,1,2,17,42
2015,550000,30000,3,1,1,0,17,117
2016,550000,60000,1,1,1,0,9,1222
2013,320000,73000,1,1,1,0,9,506
2017,700000,50000,1,1,1,2,17,1061
2012,700000,110000,1,1,1,2,17,380
2017,655000,84000,1,0,1,0,9,1205
2011,200000,110000,2,1,1,0,3,137
2012,470000,109052,1,0,1,0,9,1032
2015,550000,90658,1,0,1,0,17,200
2014,500000,110000,1,1,1,2,8,89
2015,210000,25000,3,1,1,0,4,483
2013,1451000,81000,1,0,0,0,18,298
2009,245000,75000,1,0,0,0,9,1050
2017,700000,25552,3,0,1,2,8,1069
2018,300000,20000,3,1,1,0,9,311
2017,350000,80000,1,1,1,0,9,1136
2017,635000,25000,3,0,0,0,9,354
2012,325000,40700,3,1,1,0,8,221
2017,1150000,65500,1,0,0,0,16,1114
2008,110000,42000,3,0,1,0,22,564
2018,890000,8000,3,0,1,0,8,218
2016,750000,6000,3,0,1,0,17,211
2018,690000,11174,3,0,1,0,17,117
2018,1575000,10000,3,1,0,0,9,349
2013,325000,105000,1,1,1,0,19,880
2018,860000,30000,1,0,1,2,9,1029
2017,690000,41000,1,1,1,0,17,799
2013,650000,54000,1,0,1,0,9,350
2014,375000,40000,1,1,1,0,3,823
2013,525000,71000,1,0,1,0,9,1033
2016,330000,72500,3,0,1,0,17,348
2013,280000,76600,3,0,1,0,17,348
2014,470000,40000,3,1,1,0,17,944
2011,350000,110000,1,1,1,0,24,738
2012,480000,63000,3,0,1,0,8,217
2016,620000,60000,1,1,1,0,9,1031
2014,250000,58000,3,1,1,0,4,482
2010,78692,80000,3,1,1,2,3,870
2012,350000,80000,1,1,1,0,9,1228
2013,250000,70000,3,1,1,2,17,1078
2011,260000,97700,3,1,1,1,9,1196
2016,640000,36000,1,1,1,2,8,681
2008,220000,90000,1,1,1,2,22,704
2018,425000,15000,3,1,1,0,17,1091
2016,229999,37500,3,1,1,2,4,781
2016,340000,30000,3,1,1,0,9,313
2016,620000,35000,3,1,1,0,17,915
2012,270000,60000,1,1,1,0,22,665
2018,400000,35000,1,1,1,0,22,978
2015,260000,40000,3,1,1,0,17,1096
2015,100000,23800,3,1,1,2,22,697
2015,490000,70000,1,1,1,0,19,965
2010,120000,90000,2,1,1,2,17,1075
2008,125000,102000,3,1,1,2,9,1176
2019,190000,5000,3,1,1,0,17,42
2011,500000,20000,3,1,1,0,5,654
2014,1800000,99000,1,1,0,0,23,461
2008,320000,90000,3,1,1,0,8,247
2010,105000,90000,1,1,1,4,7,447
2018,550000,20000,3,1,1,0,9,1209
2019,600000,1100,3,1,0,0,9,496
2020,210000,40000,3,1,1,0,17,48
2012,210000,15000,3,1,1,0,17,43
2009,150000,40000,3,1,1,0,17,62
2008,125000,60000,3,1,1,0,9,1177
2016,380000,20000,3,1,1,0,17,182
2019,600000,5000,3,1,1,0,17,120
2016,490000,27000,3,1,1,0,17,936
2018,545000,38000,1,1,1,2,17,901
2015,250000,25000,3,1,1,0,17,1091
2020,1050000,1100,3,1,1,0,9,1018
2014,250000,100000,1,1,1,2,7,448
2016,350000,60000,1,1,1,2,7,431
2012,370000,70000,1,1,1,2,20,287
2017,570000,44077,3,0,0,0,7,441
2017,785000,24000,1,1,1,0,17,377
2018,850000,30000,1,1,1,0,17,197
2016,375000,30000,3,1,1,2,17,1091
2017,619000,40000,3,1,1,0,17,117
2011,335000,90000,1,1,1,2,3,281
2019,1900000,20000,1,1,1,0,23,592
2013,270000,70000,1,1,1,2,22,574
2010,225000,100000,3,1,1,2,17,1085
2013,173000,70000,1,1,1,0,3,132
2018,4800000,9422,1,1,0,0,2,4
2017,710000,110000,1,1,0,0,24,997
2019,1500000,20000,3,1,1,0,23,252
2017,550000,20000,3,1,1,0,17,127
2008,58000,70000,3,1,1,2,17,10
2012,1200000,60000,3,1,0,4,1,17
2009,120000,83000,3,1,1,2,17,924
2018,300000,30000,3,1,1,0,9,305
2015,295000,21000,3,1,1,0,4,480
2018,587000,80000,0,1,1,0,17,384
2012,430000,50000,3,1,1,2,0,488
2012,450000,48500,1,1,0,2,21,644
2010,110000,90000,1,1,1,2,22,541
2015,320000,70000,3,1,1,2,9,508
2014,300000,50000,3,1,1,0,17,1080
2016,350000,110000,3,1,1,0,24,279
2018,800000,50000,3,1,1,0,17,385
2017,540000,60000,3,1,1,0,9,1195
2011,160000,60000,0,1,1,2,17,1081
2013,340000,100000,1,1,1,2,17,806
2017,350000,40000,3,1,1,2,17,344
2011,300000,100000,1,1,1,0,24,1009
2013,330000,63000,1,1,1,0,17,788
2016,325000,80000,0,1,1,2,17,1081
2013,250000,55000,1,1,1,0,17,907
2013,250000,55000,1,1,1,0,17,926
2015,240000,60000,3,1,1,0,3,138
2020,545000,5000,3,1,1,0,9,495
2015,300000,48000,3,0,1,0,9,1181
2017,240000,50000,3,1,1,0,20,637
2018,360000,15000,3,1,1,0,20,629
2012,250000,70000,1,1,1,0,9,1201
2019,475000,105000,1,0,0,0,21,646
2016,600000,50000,1,1,1,2,9,1222
2010,150000,80000,1,1,1,2,22,557
2017,700000,50000,1,1,1,0,7,317
2016,1290000,5000,1,1,1,0,16,1127
2018,500000,10000,3,1,0,0,17,188
2012,193000,45000,3,1,1,2,9,835
2015,800000,10000,3,1,1,0,8,235
2008,150000,50000,3,1,1,0,17,1085
2010,130000,100000,1,1,1,4,7,445
2012,280000,80000,1,1,1,2,7,445
2011,229999,110000,1,1,1,2,16,1148
2010,70000,10000,3,1,1,0,22,687
2013,240000,60000,1,1,1,2,17,788
2010,380000,72000,1,1,1,2,16,1154
2013,265000,50000,3,1,1,0,9,1176
2018,320000,25000,3,1,1,0,9,312
2016,1300000,55000,1,1,1,0,9,269
2018,1500000,35000,1,1,1,0,16,851
2016,1800000,110000,1,1,0,0,23,595
2014,600000,80000,1,1,1,2,16,1127
2018,420000,80000,3,1,1,0,22,980
2010,300000,100000,1,1,1,2,21,645
2017,350000,25000,3,0,1,0,17,55
2018,850000,19000,3,0,1,0,7,324
2008,140000,54000,3,0,1,0,17,60
2015,550000,17100,3,0,1,2,7,100
2017,525000,19000,3,0,0,0,9,503
2013,900000,98000,1,0,0,0,7,366
2017,1350000,15000,1,1,0,2,16,1115
2017,800000,50000,1,1,1,0,20,285
2017,250000,15000,3,1,1,0,4,776
2018,700000,25000,3,1,0,0,17,528
2019,800000,25000,1,1,1,0,22,713
2013,660000,69000,1,1,1,0,16,1127
2015,465000,60000,1,1,1,4,17,928
2017,600000,66000,1,1,1,4,17,907
2010,150000,110000,3,1,1,0,7,414
2014,450000,78000,1,1,1,2,9,1032
2019,721000,10000,3,1,1,0,9,361
2018,300000,35000,3,1,1,0,17,889
2019,1000000,10000,1,1,1,0,16,845
2016,300000,40000,3,1,1,0,20,637
2017,545000,40000,1,1,1,0,7,434
2018,844999,20000,1,1,1,0,8,84
2016,700000,93000,1,1,1,0,21,767
2014,525000,75000,1,1,1,2,7,331
2011,180000,66000,1,1,1,0,22,540
2012,280000,30000,3,1,1,2,9,1176
2019,400000,10000,3,1,1,0,20,629
2015,535000,70000,1,1,1,0,24,1000
2017,459999,50000,1,1,1,0,17,929
2010,300000,100000,1,1,1,0,16,145
2014,500000,70000,3,1,1,0,8,684
2019,1200000,1200,3,1,1,0,9,273
2008,110000,100000,3,1,1,2,17,1085
2011,450000,110000,1,1,1,2,16,156
2019,1350000,35000,1,1,1,0,16,857
2018,1040000,42000,1,1,1,0,8,111
2014,390000,70000,1,1,1,2,9,507
2011,65000,60000,3,1,1,2,22,692
2013,320000,115000,1,1,1,4,24,737
2017,720000,70000,1,1,1,0,24,93
2011,225000,65000,3,0,1,0,17,1080
2015,434999,75000,1,0,1,2,23,395
2012,300000,63700,1,1,1,0,7,447
2018,700000,74800,1,1,1,0,8,89
2009,500000,105000,1,1,1,2,7,365
2016,500000,40000,1,1,1,0,20,288
2016,400000,90000,1,1,1,2,17,784
2015,825000,75000,1,0,1,2,23,256
2018,720000,15000,1,1,1,0,17,907
2009,110000,30000,3,1,1,2,17,11
2014,600000,100000,1,1,1,2,16,864
2017,740000,60000,1,1,1,0,9,1205
2017,800000,90000,1,1,1,0,17,118
2019,1100000,100000,1,1,1,0,9,1048
2012,750000,100000,1,1,0,2,2,1103
2012,200000,90000,3,1,1,2,17,50
2009,210000,75000,1,1,1,0,22,869
2016,630000,90000,1,1,1,2,23,391
2015,375000,55000,3,1,1,0,9,1140
2010,300000,70000,1,1,1,0,16,1147
2016,580000,95000,1,1,1,2,16,151
2014,550000,50000,1,1,1,0,9,1025
2016,750000,50000,1,1,1,0,17,208
2014,250000,60516,3,1,1,0,17,720
2016,685000,64000,1,0,1,0,17,940
2014,540000,65000,1,0,1,0,17,928
2018,1165000,13000,3,0,0,3,8,242
2014,610000,77000,1,0,1,0,7,332
2011,254999,24000,3,0,1,0,9,304
2014,280000,63840,3,0,1,0,19,673
2017,370000,25000,3,1,1,0,22,980
2011,459999,76400,1,1,1,2,22,704
2011,190000,80000,1,1,1,4,5,649
2010,165000,100000,3,1,1,1,5,750
2017,710000,40000,1,1,1,0,7,318
2018,1200000,15000,3,1,1,0,9,276
2011,229999,70000,3,1,1,0,17,1164
2018,310000,15000,3,1,1,0,20,637
2015,320000,40000,3,1,1,0,17,1091
2009,160000,90000,1,1,1,0,9,1043
2016,350000,35000,1,1,1,2,3,132
2017,700000,60000,1,1,1,0,20,286
2017,300000,31489,3,1,1,0,17,55
2018,830000,40000,1,1,1,0,9,1198
2010,229999,70000,3,1,1,0,9,1054
2013,400000,100000,1,1,1,0,9,1228
2013,300000,50000,1,1,1,0,7,444
2008,80000,50000,3,1,1,2,17,9
2012,300000,110000,1,1,1,0,22,548
2018,700000,26000,3,1,0,0,17,129
2016,975000,65000,1,1,1,0,17,1063
2013,550000,75000,1,1,1,2,20,290
2014,550000,110000,1,1,1,2,19,967
2014,240000,50000,3,1,1,0,17,50
2009,120000,80000,3,1,1,2,22,543
2013,900000,60000,3,1,1,2,17,42
2009,250000,90000,3,1,1,2,8,218
2017,280000,36000,3,1,1,0,20,629
2010,85000,87000,1,1,1,0,22,555
2011,90000,80000,1,1,1,0,22,553
2015,500000,50000,1,1,1,0,3,371
2013,200000,60000,3,1,1,0,17,13
2015,250000,50000,3,1,1,0,20,637
2014,185000,40000,1,1,1,4,17,907
2008,100000,60000,3,1,1,2,9,1180
2015,610000,55000,1,1,1,0,23,408
2012,290000,80000,1,1,1,0,16,762
2015,225000,80000,3,1,1,0,9,305
2017,320000,50000,3,1,1,2,17,55
2016,600000,19495,3,0,1,0,19,881
2013,570000,62668,1,0,1,0,20,291
2013,850000,85710,1,0,1,0,16,1127
2011,250000,55130,1,0,1,2,7,445
2014,580000,63356,1,0,1,2,7,331
2010,180000,15000,3,1,1,0,3,872
2017,300000,50000,3,1,1,0,22,979
2012,269000,70000,3,1,1,2,23,404
2018,231999,20000,3,1,1,0,17,55
2011,150000,60000,3,1,1,4,3,135
2017,495000,5000,3,1,1,0,9,502
2014,700000,15000,3,1,1,0,17,204
2018,400000,4400,3,1,1,2,4,478
2019,599000,15000,1,1,1,4,16,1155
2013,421000,45000,1,1,1,0,20,290
2018,841000,1000,1,1,1,0,7,317
2014,295000,38500,3,1,1,0,9,1182
2011,220000,25000,3,1,1,0,9,1186
2013,250000,35000,1,1,1,0,7,248
2009,1100000,110000,1,1,1,2,23,460
2012,300000,40000,3,1,1,0,9,1037
2013,215000,20000,1,1,1,4,3,132
2012,245000,14987,3,0,1,0,9,311
2016,650000,25061,1,0,1,0,7,321
2017,760000,42494,1,0,1,0,7,334
2014,395000,44875,1,0,1,0,8,79
2014,280000,89741,1,0,1,2,7,445
2016,495000,65000,1,0,1,0,8,600
2016,525000,35000,1,0,1,0,8,603
2010,210000,34500,1,1,1,0,22,707
2018,650000,30000,3,1,1,0,9,1208
2018,2300000,39000,1,1,0,0,2,0
2019,525000,16000,1,1,1,0,7,469
2010,195000,80000,0,1,1,2,17,1081
2016,650000,60000,1,1,1,0,17,377
2015,540000,110000,1,1,1,0,16,954
2014,180000,61000,3,1,1,0,17,42
2018,980000,50000,1,1,1,0,17,379
2014,250000,90000,1,1,1,0,5,518
2018,550000,35000,3,1,0,0,9,496
2015,509999,43000,3,1,1,2,24,1005
2017,320000,50000,3,1,1,0,17,52
2016,275000,25000,3,1,1,0,9,302
2009,145000,50000,3,1,1,2,17,1094
2013,250000,80000,1,1,1,0,5,519
2012,520000,35000,1,1,1,0,9,1032
2011,725000,110000,1,1,1,4,23,583
2014,600000,100000,1,1,1,0,8,230
2015,470000,89000,1,1,1,0,17,907
2013,250000,40000,3,1,1,2,9,311
2017,430000,17000,3,1,1,0,17,1091
2015,615000,110000,3,1,1,2,17,915
2014,240000,90000,1,1,1,0,7,448
2014,800000,90000,1,1,1,0,16,850
2015,240000,110000,2,1,1,0,9,308
2014,600000,87000,1,1,1,2,7,331
2014,800000,15000,1,1,1,0,16,847
2012,350000,38000,3,1,1,0,7,422
2011,300000,64000,3,1,1,2,8,218
2015,399000,55250,1,1,1,0,22,877
2011,300000,110000,1,1,1,0,16,145
2012,150000,70000,3,1,0,0,17,14
2010,320000,60000,1,1,1,4,3,281
2018,1280000,17000,1,1,1,0,22,524
2017,300000,13000,3,1,1,2,20,629
2016,1000000,60000,1,1,1,0,19,966
2012,450000,97000,1,1,1,2,22,706
2013,500000,50000,3,1,1,0,17,915
2012,185000,67000,0,0,1,2,9,33
2015,155000,60000,3,1,1,0,17,55
2019,600000,5000,3,1,1,0,17,933
2016,300000,20000,3,1,1,0,20,634
2018,850000,12500,3,1,1,0,9,271
2019,470000,4000,0,1,1,0,17,347
2019,600000,25000,3,1,1,0,7,428
2013,700000,70000,1,1,1,2,23,576
2008,650000,70000,3,1,0,4,1,29
2018,450000,70000,1,1,1,2,9,1137
2014,750000,100000,1,1,1,2,16,1131
2013,775000,70000,1,1,1,2,23,576
2015,360000,80000,3,1,1,2,8,72
2017,1490000,22038,1,1,1,0,12,251
2013,600000,80000,1,1,1,0,19,962
2010,120000,90000,3,1,1,0,17,60
2015,302000,60000,1,1,1,0,17,914
2014,150000,60000,3,1,1,2,17,905
2012,200000,90000,1,1,1,2,22,546
2019,1400000,10000,1,1,1,0,16,1130
2017,620000,65000,3,1,1,0,9,1192
2012,449000,90000,1,1,1,0,23,582
2018,600000,2500,3,1,1,0,9,497
2012,250000,40000,1,1,1,0,3,132
2018,550000,63000,3,1,1,0,17,124
2014,360000,70000,1,1,1,0,21,767
2012,650000,60000,3,0,0,0,21,888
2012,199000,92000,1,0,1,4,7,417
2014,285000,89126,1,1,1,0,16,761
2019,869999,15000,3,0,0,0,17,193
2016,425000,42500,1,0,1,0,9,490
2012,490000,42000,1,0,0,0,3,282
2015,750000,70000,1,1,0,2,16,1118
2016,724000,48980,1,0,0,0,24,1001
2014,440000,46000,3,0,0,0,8,85
2009,70000,60000,3,1,1,4,3,871
2015,511000,58000,1,0,1,0,17,123
2016,790000,22000,1,0,1,0,17,796
2017,640000,37000,3,1,1,0,9,1192
2009,120000,70000,3,1,1,1,9,835
2012,126000,98900,1,1,1,4,3,132
2017,650000,60000,1,1,1,0,16,953
2014,450000,80000,3,1,1,2,9,501
2010,110000,80000,0,1,1,1,17,1166
2017,600000,40000,1,1,1,0,16,148
2012,620000,80000,1,1,1,2,16,1132
2014,600000,30000,1,1,1,0,7,331
2018,795000,35000,1,1,1,0,16,152
2015,495000,60000,1,1,1,0,20,655
2018,1350000,34000,1,1,0,0,22,527
2018,300000,25000,3,1,0,0,4,778
2018,500000,70000,1,1,1,0,19,882
2017,2575000,36000,1,0,0,0,1,754
2014,345000,58000,3,0,1,0,8,169
2013,220000,100000,1,1,1,0,22,557
2017,585000,14000,3,0,1,0,8,605
2018,625000,13800,3,1,0,0,17,898
2017,1035000,23000,3,0,0,0,9,274
2017,600000,99700,1,1,1,0,16,1149
2019,3100000,5000,1,1,0,0,23,459
2014,650000,49654,1,0,1,0,8,237
2016,550000,45457,3,0,1,0,9,501
2017,1260000,39221,1,0,1,0,9,268
2016,660000,48220,3,0,1,0,9,1229
2017,700000,11114,3,0,1,0,9,1229
2008,235000,60208,1,0,1,0,9,487
2013,475000,80000,1,0,1,0,24,1000
2008,795000,98600,1,0,0,0,18,295
2016,8900000,13000,3,0,0,0,1,763
2015,3200000,30000,1,0,0,0,1,758
2019,1860000,18000,3,0,0,0,15,523
2010,4200000,100000,1,0,0,0,14,794
2015,850000,58000,3,0,0,0,8,224
2017,585000,85441,1,0,1,0,16,1149
2015,380000,64541,1,0,1,0,16,1021
2019,650000,35000,1,1,1,0,17,907
2017,434999,16267,3,0,1,0,19,673
2013,525000,71500,1,0,1,0,24,1000
2019,4800000,12999,1,0,0,0,2,4
2008,160000,80000,3,1,1,0,3,105
2017,900000,14700,3,1,1,0,9,278
2017,400000,50000,3,1,1,0,17,1080
2009,150000,100000,3,1,1,2,9,838
2019,950000,24000,3,1,0,0,24,739
2015,375000,30000,3,1,1,0,22,159
2017,350000,80000,3,1,1,0,4,479
2012,310000,92686,1,0,1,2,9,1226
2011,350000,90000,3,1,1,2,24,1014
2017,1300000,40000,1,1,0,0,16,1117
2014,280000,55000,3,1,1,0,9,307
2018,360000,6000,3,1,1,0,9,311
2011,150000,40000,3,1,1,2,17,62
2017,900000,15000,3,1,0,0,21,769
2010,215000,90000,3,1,1,2,5,653
2013,550000,38500,1,1,1,0,20,839
2018,775000,35000,3,1,1,0,22,712
2008,200000,90000,3,1,1,2,17,1085
2010,240000,50000,3,1,1,2,17,1091
2012,800000,108731,1,1,1,0,23,586
2016,500000,60000,1,1,1,0,22,877
2014,320000,80000,3,1,1,0,9,311
2013,300000,90000,1,1,1,0,19,676
2018,285000,14000,3,1,1,0,17,42
2012,360000,70000,1,1,1,2,22,96
2009,450000,55000,3,1,1,2,8,38
2011,175000,60000,3,1,1,4,17,62
2011,350000,74000,1,1,1,2,3,280
2020,530000,45000,1,0,1,0,7,439
2017,1025000,38000,1,0,1,0,8,240
2017,950000,24000,1,0,1,0,8,111
2017,725000,29976,3,0,1,0,8,1069
2017,919999,41000,3,0,1,0,8,236
2018,700000,15000,1,0,1,0,8,602
2017,725000,36000,1,0,1,0,8,603
2017,840000,30646,3,0,1,0,8,113
2015,365000,23600,3,0,1,0,17,1091
2014,665000,71318,1,0,1,0,8,228
2014,225000,30000,3,1,1,0,9,305
2012,229999,45000,3,1,1,2,9,1176
2008,145000,67000,3,1,1,0,9,832
2017,750000,18054,3,0,1,0,7,325
2015,785000,40000,1,1,1,0,8,230
2011,225000,30000,3,1,1,0,9,1186
2017,300000,80000,1,1,1,0,9,1133
2016,680000,20000,1,1,1,0,9,1219
2016,700000,40000,1,1,1,0,16,955
2010,370000,97000,3,1,1,2,17,912
2018,1100000,70000,1,1,1,0,16,1157
2013,430000,88000,1,1,1,2,21,774
2014,550000,38406,1,0,1,0,17,942
2014,320000,54350,3,0,1,0,9,835
2015,390000,32260,3,0,1,0,17,1091
2014,550000,58231,1,0,1,0,20,288
2012,370000,59858,3,0,1,0,17,933
2010,190000,73350,3,0,1,0,17,63
2013,509999,88473,1,0,1,0,20,285
2013,450000,96987,3,0,1,0,8,221
2016,5500000,77350,1,0,0,0,18,472
2015,550000,61187,1,0,1,0,17,907
2009,400000,68350,1,0,1,0,16,1153
2015,585000,81150,1,0,1,0,7,321
2019,500000,30000,3,1,1,0,9,492
2015,800000,30000,3,1,1,0,17,210
2010,165000,80000,1,1,1,0,22,658
2015,1025000,90000,1,1,1,2,9,269
2012,380000,90000,1,1,1,1,3,280
2010,250000,110000,1,1,1,4,17,903
2016,500000,35000,1,1,1,0,5,751
2018,350000,15000,3,1,1,0,9,305
2010,190000,52000,3,1,1,2,17,63
2013,475000,60000,3,1,1,2,17,933
2018,300000,17000,3,1,1,0,17,42
2016,250000,70000,3,1,1,4,3,135
2015,550000,87000,1,1,1,0,9,1219
2010,285000,75000,1,1,1,4,5,749
2012,229999,40000,3,1,1,2,17,1093
2012,250000,110000,1,1,1,1,17,788
2017,430999,14000,3,0,1,0,17,185
2010,80000,70000,3,1,1,0,3,870
2019,335000,28000,3,0,1,0,17,46
2017,350000,51000,3,0,1,0,17,346
2018,315000,56000,3,0,1,0,17,45
2019,1100000,35000,1,1,0,0,24,1004
2014,285000,64000,3,0,1,2,17,59
2011,225000,37091,3,1,1,0,17,62
2017,4500000,80000,1,1,0,0,25,1106
2018,320000,38900,3,1,1,4,17,55
2016,1249000,60000,1,1,1,4,9,270
2008,120000,110000,3,1,1,4,17,1085
2011,200000,100000,1,1,1,2,24,1010
2016,1151000,85000,1,1,1,0,9,268
2017,220000,20000,3,1,1,0,20,637
2018,784000,40000,1,1,1,0,16,951
2017,500000,50000,3,1,1,0,8,596
2018,350000,20000,3,1,1,0,9,305
2018,1400000,50000,1,1,0,0,16,1129
2014,600000,100000,1,1,1,2,16,972
2019,525000,9400,3,1,1,0,9,495
2017,930000,12000,1,1,1,0,7,316
2017,440000,14100,0,0,1,0,17,343
2016,434999,21000,3,0,1,0,17,187
2011,250000,28000,3,0,1,0,9,1179
2017,940000,35000,1,0,1,0,17,379
2017,1050000,31000,1,0,0,0,9,1030
2016,825000,58000,1,0,1,0,17,378
2012,229999,25000,3,1,1,0,17,1094
2011,375000,72000,3,0,1,0,9,1190
2013,640000,89000,1,0,1,0,17,386
2012,130000,30000,3,1,1,4,7,452
2014,300000,37555,3,0,1,0,9,1187
2018,440000,14000,3,0,1,0,17,1091
2014,595000,56600,0,0,1,0,17,384
2013,450000,110000,1,1,1,0,16,846
2017,690000,50000,1,1,1,0,17,1061
2019,300000,5000,3,1,1,0,17,48
2014,170000,100000,3,1,1,2,3,817
2009,220000,67580,3,1,1,2,17,934
2009,140000,100000,3,1,1,4,9,835
2015,280000,40000,1,1,1,0,16,1024
2013,225000,78000,1,0,1,0,19,882
2015,750000,48238,3,2,0,0,7,320
2016,535000,38365,3,0,1,0,9,1195
2016,1250000,23670,1,2,1,0,16,1119
2017,650000,49834,3,2,1,0,17,127
2013,295000,57353,3,2,1,0,8,166
2015,480000,68308,1,2,1,0,17,895
2015,575000,63240,1,2,1,0,8,228
2020,426000,1000,1,1,1,0,22,520
2015,295000,90000,1,1,1,4,16,148
2011,330000,100000,1,1,1,2,16,1150
2009,150000,80000,3,1,1,0,17,789
2016,927999,90000,1,1,1,0,9,268
2015,399000,55000,1,0,1,0,9,1138
2015,350000,90000,1,1,1,0,17,929
2008,150000,90000,3,1,1,2,9,838
2015,250000,25000,3,1,1,0,9,305
2014,675000,61000,1,0,1,0,9,1033
2018,950000,30000,1,1,1,0,17,796
2018,409999,45000,0,1,1,0,17,343
2011,225000,60000,1,1,1,0,5,652
2008,350000,75000,3,1,1,2,8,247
2013,290000,56000,1,0,1,0,3,819
2013,900000,49000,1,0,0,2,21,716
2011,221000,56000,1,0,1,2,3,132
2013,675000,73000,1,0,1,0,23,576
2014,421000,69000,1,0,1,0,8,79
2008,350000,10000,3,1,1,0,17,811
2010,140000,110000,0,1,1,0,9,33
2018,830000,40000,1,1,1,0,8,220
2009,180000,30000,3,1,1,0,17,1085
2009,210000,109000,1,1,1,2,17,939
2017,700000,90000,1,1,1,0,17,805
2017,530000,64916,3,1,1,0,9,1039
2018,800000,37161,1,0,1,0,7,333
2016,580000,15000,3,1,1,0,17,127
2018,300000,50852,3,1,1,0,20,628
2016,300000,30000,3,1,1,0,20,639
2015,700000,77000,1,1,1,0,17,209
2012,250000,70000,3,1,1,4,19,881
2009,428000,40000,3,1,0,4,8,37
2019,1400000,33000,1,1,1,0,22,521
2013,219000,53500,3,1,1,4,9,305
2017,500000,40000,1,1,1,0,17,376
2010,409999,60000,3,1,1,0,8,214
2018,570000,5000,3,1,1,0,22,991
2017,749000,51500,1,1,1,2,17,208
2014,550000,79800,1,0,1,0,7,316
2015,550000,97000,1,0,1,2,7,316
2019,1250000,6590,1,0,1,0,7,335
2017,700000,49957,1,0,1,0,7,439
2017,600000,43235,1,0,1,0,7,430
2018,925000,50699,1,0,1,0,7,322
2015,565000,46000,3,1,1,0,9,1209
2013,170000,80000,3,1,1,4,9,305
2018,819999,40000,1,1,1,0,9,1210
2019,819999,40000,1,1,1,0,9,355
2015,320000,40000,3,1,1,0,17,790
2015,550000,50000,1,1,1,0,16,141
2017,590000,98000,1,1,1,0,24,92
2017,950000,50000,1,1,1,0,8,232
2017,1000000,30000,1,1,1,0,8,239
2017,450000,70000,1,1,1,0,5,752
2017,720000,35000,1,1,1,0,17,908
2015,390000,70000,1,1,1,2,17,181
2014,500000,35000,1,1,1,0,16,968
2016,2500000,70000,3,1,0,2,23,457
2017,780000,50000,1,1,1,0,9,1198
2015,484999,90000,1,1,1,2,17,914
2012,420000,90000,1,1,1,2,24,1008
2015,1225000,70000,1,1,1,0,16,1121
2015,350000,50000,1,1,1,2,22,552
2010,75000,100000,1,1,1,4,22,537
2018,509999,15000,3,1,1,0,16,620
2014,215000,80000,1,1,1,4,22,563
2014,480000,101000,1,0,1,0,17,907
2016,630000,55000,1,0,1,0,17,927
2015,500000,100000,1,0,1,0,17,927
2014,850000,52000,1,0,1,2,24,613
2011,350000,105000,1,0,1,0,17,808
2015,495000,105000,1,0,1,0,17,928
2017,890000,60000,1,1,1,2,17,377
2018,1100000,25000,1,1,0,2,9,1044
2009,233000,58000,3,1,1,4,7,420
2015,300000,110000,1,1,1,2,22,560
2020,614000,1000,3,1,1,0,8,77
2010,250000,100000,3,1,1,2,9,1188
2010,250000,110000,3,1,1,2,9,1188
2011,200000,40000,3,1,1,0,17,62
2013,290000,52000,3,1,1,0,17,1078
2013,320000,80000,3,1,1,2,17,1080
2019,680000,40000,1,1,1,0,17,907
2019,1000000,15000,1,1,1,0,17,373
2019,2800000,10000,1,1,0,0,7,364
2017,415000,20000,3,1,1,0,17,187
2014,500000,82000,1,1,1,0,19,963
2013,150000,60000,3,1,1,2,3,873
2012,400000,70000,1,1,1,0,17,919
2008,114999,66782,3,1,1,2,17,60
2014,195000,75000,3,1,1,2,17,9
2015,155000,40000,3,1,1,0,17,39
2015,190000,60000,3,1,1,2,22,699
2012,200000,112198,1,1,1,2,16,1022
2010,160000,60000,3,1,1,2,22,664
2012,225000,90000,1,1,1,2,17,788
2014,409999,80000,1,1,1,2,9,1226
2014,409999,80000,1,1,1,2,9,1225
2009,110000,83000,3,1,1,2,17,10
2016,865000,90000,1,1,1,0,9,269
2016,225000,40000,3,1,1,0,20,637
